countyName , lat , lon , speed , total
Benton County , 42.26029921 , -91.91010096 , 71 , 49
Benton County , 42.26029921 , -91.91010096 , 72 , 29
Benton County , 42.26029921 , -91.91010096 , 73 , 14
Benton County , 42.26029921 , -91.91010096 , 74 , 28
Benton County , 42.26029921 , -91.91010096 , 75 , 14
Benton County , 42.26503537 , -91.9165373 , 71 , 44
Benton County , 42.26503537 , -91.9165373 , 72 , 33
Benton County , 42.26503537 , -91.9165373 , 73 , 47
Benton County , 42.26503537 , -91.9165373 , 74 , 9
Benton County , 42.26503537 , -91.9165373 , 75 , 17
Black Hawk County , 42.416123 , -92.175483 , 71 , 59
Black Hawk County , 42.416123 , -92.175483 , 72 , 28
Black Hawk County , 42.416123 , -92.175483 , 73 , 8
Black Hawk County , 42.416123 , -92.175483 , 74 , 3
Black Hawk County , 42.416123 , -92.175483 , 75 , 20
Black Hawk County , 42.417487 , -92.177907 , 71 , 6
Black Hawk County , 42.417487 , -92.177907 , 72 , 15
Black Hawk County , 42.417487 , -92.177907 , 73 , 9
Black Hawk County , 42.417487 , -92.177907 , 74 , 1
Black Hawk County , 42.417487 , -92.177907 , 75 , 4
Black Hawk County , 42.42796629 , -92.18644573 , 71 , 43
Black Hawk County , 42.42796629 , -92.18644573 , 72 , 20
Black Hawk County , 42.42796629 , -92.18644573 , 73 , 11
Black Hawk County , 42.42796629 , -92.18644573 , 74 , 15
Black Hawk County , 42.445226 , -92.191817 , 71 , 5
Black Hawk County , 42.445226 , -92.191817 , 72 , 8
Black Hawk County , 42.445226 , -92.191817 , 73 , 3
Black Hawk County , 42.445226 , -92.191817 , 74 , 1
Black Hawk County , 42.449486 , -92.212632 , 71 , 20
Black Hawk County , 42.449486 , -92.212632 , 72 , 10
Black Hawk County , 42.449486 , -92.212632 , 73 , 8
Black Hawk County , 42.449486 , -92.212632 , 74 , 1
Black Hawk County , 42.452823 , -92.341067 , 71 , 8
Black Hawk County , 42.452823 , -92.341067 , 72 , 10
Black Hawk County , 42.452823 , -92.341067 , 75 , 6
Black Hawk County , 42.453045 , -92.339176 , 71 , 6
Black Hawk County , 42.453045 , -92.339176 , 72 , 3
Black Hawk County , 42.453045 , -92.339176 , 73 , 2
Black Hawk County , 42.453045 , -92.339176 , 74 , 3
Black Hawk County , 42.453045 , -92.339176 , 75 , 4
Black Hawk County , 42.453083 , -92.31743 , 71 , 12
Black Hawk County , 42.453083 , -92.31743 , 72 , 20
Black Hawk County , 42.453083 , -92.31743 , 75 , 6
Black Hawk County , 42.453427 , -92.370956 , 71 , 10
Black Hawk County , 42.453427 , -92.370956 , 72 , 3
Black Hawk County , 42.453427 , -92.370956 , 74 , 6
Black Hawk County , 42.453951 , -92.312806 , 71 , 11
Black Hawk County , 42.453951 , -92.312806 , 72 , 12
Black Hawk County , 42.453951 , -92.312806 , 73 , 2
Black Hawk County , 42.453951 , -92.312806 , 75 , 5
Black Hawk County , 42.454057 , -92.311892 , 72 , 7
Black Hawk County , 42.4544581 , -92.3117741 , 71 , 7
Black Hawk County , 42.4544581 , -92.3117741 , 72 , 8
Black Hawk County , 42.4544581 , -92.3117741 , 73 , 3
Black Hawk County , 42.4544581 , -92.3117741 , 75 , 3
Black Hawk County , 42.4544873 , -92.3116431 , 71 , 4
Black Hawk County , 42.4544873 , -92.3116431 , 72 , 6
Black Hawk County , 42.4544873 , -92.3116431 , 73 , 8
Black Hawk County , 42.4544873 , -92.3116431 , 74 , 6
Black Hawk County , 42.4545319 , -92.3121375 , 72 , 7
Black Hawk County , 42.4545319 , -92.3121375 , 75 , 15
Black Hawk County , 42.455472 , -92.250959 , 71 , 14
Black Hawk County , 42.455472 , -92.250959 , 72 , 8
Black Hawk County , 42.455472 , -92.250959 , 73 , 13
Black Hawk County , 42.455472 , -92.250959 , 74 , 1
Black Hawk County , 42.456257 , -92.306045 , 71 , 4
Black Hawk County , 42.456257 , -92.306045 , 72 , 15
Black Hawk County , 42.456257 , -92.306045 , 74 , 3
Black Hawk County , 42.456666 , -92.304014 , 71 , 10
Black Hawk County , 42.456666 , -92.304014 , 72 , 5
Black Hawk County , 42.456666 , -92.304014 , 73 , 3
Black Hawk County , 42.456666 , -92.304014 , 74 , 4
Black Hawk County , 42.456666 , -92.304014 , 75 , 4
Black Hawk County , 42.457631 , -92.302 , 71 , 5
Black Hawk County , 42.45858 , -92.298389 , 71 , 11
Black Hawk County , 42.45858 , -92.298389 , 72 , 6
Black Hawk County , 42.45858 , -92.298389 , 73 , 2
Black Hawk County , 42.45858 , -92.298389 , 74 , 10
Black Hawk County , 42.45858 , -92.298389 , 75 , 17
Black Hawk County , 42.459304 , -92.258037 , 71 , 10
Black Hawk County , 42.459304 , -92.258037 , 72 , 18
Black Hawk County , 42.459304 , -92.258037 , 73 , 10
Black Hawk County , 42.459537 , -92.259846 , 71 , 13
Black Hawk County , 42.459537 , -92.259846 , 72 , 17
Black Hawk County , 42.459537 , -92.259846 , 73 , 6
Black Hawk County , 42.459537 , -92.259846 , 74 , 1
Black Hawk County , 42.459537 , -92.259846 , 75 , 3
Black Hawk County , 42.459662 , -92.290846 , 71 , 11
Black Hawk County , 42.459662 , -92.290846 , 72 , 11
Black Hawk County , 42.459662 , -92.290846 , 73 , 9
Black Hawk County , 42.459662 , -92.290846 , 75 , 1
Black Hawk County , 42.45991 , -92.290976 , 71 , 13
Black Hawk County , 42.45991 , -92.290976 , 72 , 15
Black Hawk County , 42.45991 , -92.290976 , 73 , 3
Black Hawk County , 42.460593 , -92.278772 , 71 , 18
Black Hawk County , 42.460593 , -92.278772 , 72 , 24
Black Hawk County , 42.460593 , -92.278772 , 73 , 3
Black Hawk County , 42.460593 , -92.278772 , 74 , 4
Boone County , 42.022899 , -93.734772 , 71 , 14
Boone County , 42.022899 , -93.734772 , 72 , 5
Boone County , 42.022899 , -93.734772 , 73 , 18
Boone County , 42.022899 , -93.734772 , 74 , 3
Boone County , 42.022899 , -93.734772 , 75 , 2
Boone County , 42.023161 , -93.733181 , 71 , 22
Boone County , 42.023161 , -93.733181 , 72 , 4
Boone County , 42.023161 , -93.733181 , 73 , 15
Boone County , 42.023161 , -93.733181 , 74 , 2
Boone County , 42.023177 , -93.774195 , 71 , 44
Boone County , 42.023177 , -93.774195 , 72 , 7
Boone County , 42.023177 , -93.774195 , 75 , 4
Boone County , 42.023406 , -93.773765 , 71 , 10
Boone County , 42.023406 , -93.773765 , 72 , 10
Boone County , 42.023406 , -93.773765 , 73 , 11
Boone County , 42.023406 , -93.773765 , 74 , 2
Boone County , 42.02756231 , -93.79340418 , 71 , 30
Boone County , 42.02756231 , -93.79340418 , 72 , 6
Boone County , 42.02756231 , -93.79340418 , 73 , 1
Buena Vista County , 42.6989132 , -95.1514095 , 73 , 3
Calhoun County , 42.4496647 , -94.6400893 , 71 , 2
Calhoun County , 42.4496647 , -94.6400893 , 72 , 2
Calhoun County , 42.4496647 , -94.6400893 , 73 , 1
Calhoun County , 42.4496647 , -94.6400893 , 74 , 13
Calhoun County , 42.4499686 , -94.6499619 , 71 , 10
Calhoun County , 42.4499686 , -94.6499619 , 72 , 3
Calhoun County , 42.4499686 , -94.6499619 , 73 , 12
Calhoun County , 42.4499686 , -94.6499619 , 75 , 18
Cass County , 41.49702617 , -94.91723667 , 71 , 31
Cass County , 41.49702617 , -94.91723667 , 72 , 15
Cass County , 41.49702617 , -94.91723667 , 73 , 37
Cass County , 41.49724419 , -94.91446776 , 71 , 117
Cass County , 41.49724419 , -94.91446776 , 72 , 59
Cass County , 41.49724419 , -94.91446776 , 73 , 47
Cass County , 41.49724419 , -94.91446776 , 74 , 80
Cass County , 41.49724419 , -94.91446776 , 75 , 27
Cedar County , 41.657819 , -91.201748 , 71 , 89
Cedar County , 41.657819 , -91.201748 , 72 , 31
Cedar County , 41.657819 , -91.201748 , 73 , 49
Cedar County , 41.657819 , -91.201748 , 74 , 19
Cedar County , 41.657819 , -91.201748 , 75 , 16
Cedar County , 41.91849589 , -91.35513218 , 74 , 4
Cedar County , 41.91849589 , -91.35513218 , 75 , 11
Cerro Gordo County , 43.24000105 , -93.34905823 , 71 , 90
Cerro Gordo County , 43.24000105 , -93.34905823 , 72 , 75
Cerro Gordo County , 43.24000105 , -93.34905823 , 73 , 32
Cerro Gordo County , 43.24000105 , -93.34905823 , 74 , 23
Cerro Gordo County , 43.24000105 , -93.34905823 , 75 , 24
Chickasaw County , 43.00196603 , -92.31795665 , 72 , 1
Chickasaw County , 43.00196603 , -92.31795665 , 73 , 15
Chickasaw County , 43.00196603 , -92.31795665 , 74 , 11
Dallas County , 41.57202013 , -93.84840627 , 71 , 136
Dallas County , 41.57202013 , -93.84840627 , 72 , 80
Dallas County , 41.57202013 , -93.84840627 , 73 , 68
Dallas County , 41.57202013 , -93.84840627 , 74 , 35
Dallas County , 41.57202013 , -93.84840627 , 75 , 11
Dallas County , 41.591798 , -93.8081655 , 71 , 45
Dallas County , 41.591798 , -93.8081655 , 72 , 23
Dallas County , 41.591798 , -93.8081655 , 75 , 4
Dallas County , 41.592029 , -93.802716 , 71 , 18
Dallas County , 41.592029 , -93.802716 , 72 , 11
Dallas County , 41.592029 , -93.802716 , 73 , 3
Dallas County , 41.592212 , -93.802001 , 72 , 9
Dallas County , 41.592212 , -93.802001 , 73 , 2
Decatur County , 40.743508 , -93.841681 , 71 , 95
Decatur County , 40.743508 , -93.841681 , 72 , 99
Decatur County , 40.743508 , -93.841681 , 73 , 69
Decatur County , 40.743508 , -93.841681 , 74 , 102
Decatur County , 40.743508 , -93.841681 , 75 , 43
Decatur County , 40.744083 , -93.841096 , 71 , 94
Decatur County , 40.744083 , -93.841096 , 72 , 99
Decatur County , 40.744083 , -93.841096 , 73 , 115
Decatur County , 40.744083 , -93.841096 , 74 , 10
Decatur County , 40.744083 , -93.841096 , 75 , 30
Floyd County , 43.00891 , -92.624845 , 71 , 22
Floyd County , 43.00891 , -92.624845 , 72 , 10
Floyd County , 43.00891 , -92.624845 , 73 , 10
Floyd County , 43.00891 , -92.624845 , 74 , 2
Floyd County , 43.00891 , -92.624845 , 75 , 2
Floyd County , 43.009646 , -92.626853 , 71 , 14
Floyd County , 43.009646 , -92.626853 , 72 , 6
Floyd County , 43.009646 , -92.626853 , 73 , 17
Floyd County , 43.009646 , -92.626853 , 75 , 1
Hamilton County , 42.243255 , -93.570686 , 71 , 200
Hamilton County , 42.243255 , -93.570686 , 72 , 119
Hamilton County , 42.243255 , -93.570686 , 73 , 93
Hamilton County , 42.243255 , -93.570686 , 74 , 124
Hamilton County , 42.243255 , -93.570686 , 75 , 66
Hamilton County , 42.243286 , -93.5704 , 71 , 154
Hamilton County , 42.243286 , -93.5704 , 72 , 144
Hamilton County , 42.243286 , -93.5704 , 73 , 101
Hamilton County , 42.243286 , -93.5704 , 74 , 53
Hamilton County , 42.243286 , -93.5704 , 75 , 63
Hamilton County , 42.28939934 , -93.57026933 , 71 , 133
Hamilton County , 42.28939934 , -93.57026933 , 72 , 109
Hamilton County , 42.28939934 , -93.57026933 , 73 , 87
Hamilton County , 42.28939934 , -93.57026933 , 74 , 49
Hamilton County , 42.28939934 , -93.57026933 , 75 , 52
Hamilton County , 42.28940693 , -93.57054924 , 71 , 141
Hamilton County , 42.28940693 , -93.57054924 , 72 , 82
Hamilton County , 42.28940693 , -93.57054924 , 73 , 125
Hamilton County , 42.28940693 , -93.57054924 , 74 , 45
Hamilton County , 42.28940693 , -93.57054924 , 75 , 69
Hamilton County , 42.310405 , -93.569289 , 71 , 93
Hamilton County , 42.310405 , -93.569289 , 72 , 91
Hamilton County , 42.310405 , -93.569289 , 73 , 137
Hamilton County , 42.310405 , -93.569289 , 74 , 62
Hamilton County , 42.310405 , -93.569289 , 75 , 24
Hamilton County , 42.310416 , -93.569574 , 71 , 145
Hamilton County , 42.310416 , -93.569574 , 72 , 57
Hamilton County , 42.310416 , -93.569574 , 73 , 52
Hamilton County , 42.310416 , -93.569574 , 74 , 68
Hamilton County , 42.310416 , -93.569574 , 75 , 76
Hamilton County , 42.32621424 , -93.56954461 , 71 , 175
Hamilton County , 42.32621424 , -93.56954461 , 72 , 160
Hamilton County , 42.32621424 , -93.56954461 , 73 , 87
Hamilton County , 42.32621424 , -93.56954461 , 74 , 65
Hamilton County , 42.32621424 , -93.56954461 , 75 , 8
Hamilton County , 42.35742446 , -93.57009021 , 71 , 123
Hamilton County , 42.35742446 , -93.57009021 , 72 , 119
Hamilton County , 42.35742446 , -93.57009021 , 73 , 82
Hamilton County , 42.35742446 , -93.57009021 , 74 , 34
Hamilton County , 42.35742446 , -93.57009021 , 75 , 61
Hamilton County , 42.4661609 , -93.5687084 , 71 , 127
Hamilton County , 42.4661609 , -93.5687084 , 72 , 97
Hamilton County , 42.4661609 , -93.5687084 , 73 , 91
Hamilton County , 42.4661609 , -93.5687084 , 74 , 34
Hamilton County , 42.4661609 , -93.5687084 , 75 , 77
Hamilton County , 42.466203 , -93.56899 , 71 , 76
Hamilton County , 42.466203 , -93.56899 , 72 , 74
Hamilton County , 42.466203 , -93.56899 , 73 , 33
Hamilton County , 42.466203 , -93.56899 , 74 , 37
Hamilton County , 42.466203 , -93.56899 , 75 , 21
Hardin County , 42.448125 , -93.231909 , 71 , 21
Hardin County , 42.448125 , -93.231909 , 72 , 17
Hardin County , 42.448125 , -93.231909 , 73 , 7
Hardin County , 42.448125 , -93.231909 , 74 , 4
Hardin County , 42.448125 , -93.231909 , 75 , 18
Henry County , 41.09249985 , -91.54498699 , 71 , 33
Henry County , 41.09249985 , -91.54498699 , 72 , 18
Henry County , 41.09249985 , -91.54498699 , 73 , 7
Henry County , 41.09249985 , -91.54498699 , 74 , 1
Henry County , 41.09249985 , -91.54498699 , 75 , 10
Henry County , 41.09264416 , -91.54449586 , 71 , 21
Henry County , 41.09264416 , -91.54449586 , 72 , 20
Henry County , 41.09264416 , -91.54449586 , 73 , 20
Jasper County , 41.681036 , -93.100259 , 71 , 105
Jasper County , 41.681036 , -93.100259 , 72 , 40
Jasper County , 41.681036 , -93.100259 , 73 , 27
Jasper County , 41.681036 , -93.100259 , 74 , 25
Jasper County , 41.681036 , -93.100259 , 75 , 20
Jasper County , 41.68119012 , -93.11326797 , 71 , 122
Jasper County , 41.68119012 , -93.11326797 , 72 , 98
Jasper County , 41.68119012 , -93.11326797 , 73 , 31
Jasper County , 41.68119012 , -93.11326797 , 74 , 20
Jasper County , 41.68119012 , -93.11326797 , 75 , 24
Jasper County , 41.682136 , -92.909994 , 71 , 124
Jasper County , 41.682136 , -92.909994 , 72 , 89
Jasper County , 41.682136 , -92.909994 , 73 , 72
Jasper County , 41.682136 , -92.909994 , 74 , 34
Jasper County , 41.682136 , -92.909994 , 75 , 23
Jasper County , 41.682741 , -93.007231 , 71 , 136
Jasper County , 41.682741 , -93.007231 , 72 , 62
Jasper County , 41.682741 , -93.007231 , 73 , 29
Jasper County , 41.682741 , -93.007231 , 74 , 34
Jasper County , 41.682741 , -93.007231 , 75 , 31
Jasper County , 41.682945 , -93.006769 , 71 , 86
Jasper County , 41.682945 , -93.006769 , 72 , 74
Jasper County , 41.682945 , -93.006769 , 73 , 51
Jasper County , 41.682945 , -93.006769 , 74 , 25
Jasper County , 41.682945 , -93.006769 , 75 , 12
Jasper County , 41.683246 , -93.077897 , 71 , 79
Jasper County , 41.683246 , -93.077897 , 72 , 83
Jasper County , 41.683246 , -93.077897 , 73 , 29
Jasper County , 41.683246 , -93.077897 , 74 , 15
Jasper County , 41.683246 , -93.077897 , 75 , 36
Jasper County , 41.683636 , -93.051265 , 71 , 112
Jasper County , 41.683636 , -93.051265 , 72 , 37
Jasper County , 41.683636 , -93.051265 , 73 , 29
Jasper County , 41.683636 , -93.051265 , 74 , 12
Jasper County , 41.683636 , -93.051265 , 75 , 38
Jasper County , 41.683654 , -93.071739 , 71 , 72
Jasper County , 41.683654 , -93.071739 , 72 , 34
Jasper County , 41.683654 , -93.071739 , 73 , 33
Jasper County , 41.683654 , -93.071739 , 74 , 20
Jasper County , 41.683654 , -93.071739 , 75 , 39
Jasper County , 41.683896 , -93.071825 , 71 , 144
Jasper County , 41.683896 , -93.071825 , 72 , 145
Jasper County , 41.683896 , -93.071825 , 73 , 32
Jasper County , 41.683896 , -93.071825 , 74 , 47
Jasper County , 41.683896 , -93.071825 , 75 , 30
Jasper County , 41.684373 , -93.077962 , 71 , 10
Jasper County , 41.68727113 , -92.8816518 , 71 , 77
Jasper County , 41.68727113 , -92.8816518 , 72 , 62
Jasper County , 41.68727113 , -92.8816518 , 73 , 1
Jasper County , 41.68727113 , -92.8816518 , 74 , 14
Jasper County , 41.68727113 , -92.8816518 , 75 , 46
Johnson County , 41.630443 , -91.565109 , 71 , 13
Johnson County , 41.630443 , -91.565109 , 72 , 5
Johnson County , 41.630443 , -91.565109 , 73 , 6
Johnson County , 41.630443 , -91.565109 , 74 , 4
Johnson County , 41.630443 , -91.565109 , 75 , 7
Johnson County , 41.661094 , -91.603697 , 71 , 44
Johnson County , 41.661094 , -91.603697 , 72 , 27
Johnson County , 41.661094 , -91.603697 , 73 , 9
Johnson County , 41.661094 , -91.603697 , 74 , 3
Johnson County , 41.661094 , -91.603697 , 75 , 16
Johnson County , 41.66744278 , -91.42198635 , 71 , 107
Johnson County , 41.66744278 , -91.42198635 , 72 , 74
Johnson County , 41.66744278 , -91.42198635 , 73 , 46
Johnson County , 41.66744278 , -91.42198635 , 74 , 12
Johnson County , 41.66744278 , -91.42198635 , 75 , 8
Johnson County , 41.67066105 , -91.61656505 , 71 , 47
Johnson County , 41.67066105 , -91.61656505 , 72 , 26
Johnson County , 41.67066105 , -91.61656505 , 73 , 10
Johnson County , 41.67066105 , -91.61656505 , 74 , 7
Johnson County , 41.67066105 , -91.61656505 , 75 , 7
Johnson County , 41.673236 , -91.450213 , 71 , 81
Johnson County , 41.673236 , -91.450213 , 72 , 60
Johnson County , 41.673236 , -91.450213 , 73 , 34
Johnson County , 41.673236 , -91.450213 , 74 , 3
Johnson County , 41.673236 , -91.450213 , 75 , 22
Johnson County , 41.685501 , -91.560224 , 71 , 12
Johnson County , 41.685501 , -91.560224 , 72 , 9
Johnson County , 41.685501 , -91.560224 , 73 , 5
Johnson County , 41.685501 , -91.560224 , 74 , 10
Johnson County , 41.685501 , -91.560224 , 75 , 1
Johnson County , 41.68574 , -91.545774 , 71 , 9
Johnson County , 41.68574 , -91.545774 , 72 , 2
Johnson County , 41.68574 , -91.545774 , 73 , 9
Johnson County , 41.685793 , -91.547017 , 71 , 59
Johnson County , 41.685793 , -91.547017 , 72 , 30
Johnson County , 41.685793 , -91.547017 , 73 , 10
Johnson County , 41.685793 , -91.547017 , 74 , 10
Johnson County , 41.685793 , -91.547017 , 75 , 12
Johnson County , 41.686208 , -91.570225 , 71 , 21
Johnson County , 41.686208 , -91.570225 , 72 , 3
Johnson County , 41.686208 , -91.570225 , 73 , 23
Johnson County , 41.686208 , -91.570225 , 74 , 13
Johnson County , 41.686208 , -91.570225 , 75 , 12
Johnson County , 41.686262 , -91.569204 , 71 , 24
Johnson County , 41.686262 , -91.569204 , 72 , 24
Johnson County , 41.686262 , -91.569204 , 73 , 37
Johnson County , 41.686262 , -91.569204 , 74 , 4
Johnson County , 41.686262 , -91.569204 , 75 , 19
Johnson County , 41.686801 , -91.506039 , 71 , 38
Johnson County , 41.686801 , -91.506039 , 72 , 10
Johnson County , 41.686801 , -91.506039 , 73 , 4
Johnson County , 41.686801 , -91.506039 , 74 , 12
Johnson County , 41.686801 , -91.506039 , 75 , 2
Johnson County , 41.686972 , -91.503854 , 71 , 8
Johnson County , 41.686972 , -91.503854 , 72 , 30
Johnson County , 41.686972 , -91.503854 , 73 , 14
Johnson County , 41.686972 , -91.503854 , 74 , 8
Johnson County , 41.686972 , -91.503854 , 75 , 14
Johnson County , 41.687642 , -91.803195 , 71 , 65
Johnson County , 41.687642 , -91.803195 , 72 , 60
Johnson County , 41.687642 , -91.803195 , 73 , 21
Johnson County , 41.687642 , -91.803195 , 74 , 25
Johnson County , 41.687642 , -91.803195 , 75 , 54
Johnson County , 41.69131024 , -91.75776832 , 71 , 117
Johnson County , 41.69131024 , -91.75776832 , 72 , 74
Johnson County , 41.69131024 , -91.75776832 , 73 , 37
Johnson County , 41.69131024 , -91.75776832 , 74 , 51
Johnson County , 41.69131024 , -91.75776832 , 75 , 37
Johnson County , 41.692023 , -91.755049 , 71 , 113
Johnson County , 41.692023 , -91.755049 , 72 , 102
Johnson County , 41.692023 , -91.755049 , 73 , 34
Johnson County , 41.692023 , -91.755049 , 74 , 43
Johnson County , 41.692023 , -91.755049 , 75 , 51
Johnson County , 41.693764 , -91.602258 , 71 , 26
Johnson County , 41.693764 , -91.602258 , 72 , 4
Johnson County , 41.693764 , -91.602258 , 73 , 15
Johnson County , 41.693764 , -91.602258 , 74 , 8
Johnson County , 41.693764 , -91.602258 , 75 , 8
Johnson County , 41.69385 , -91.60081 , 71 , 46
Johnson County , 41.69385 , -91.60081 , 72 , 63
Johnson County , 41.69385 , -91.60081 , 73 , 23
Johnson County , 41.69385 , -91.60081 , 75 , 23
Johnson County , 41.693878 , -91.607981 , 71 , 12
Johnson County , 41.693878 , -91.607981 , 72 , 2
Johnson County , 41.693878 , -91.607981 , 73 , 43
Johnson County , 41.693878 , -91.607981 , 74 , 7
Johnson County , 41.693878 , -91.607981 , 75 , 13
Johnson County , 41.693959 , -91.660625 , 71 , 82
Johnson County , 41.693959 , -91.660625 , 72 , 63
Johnson County , 41.693959 , -91.660625 , 73 , 21
Johnson County , 41.693959 , -91.660625 , 74 , 6
Johnson County , 41.693959 , -91.660625 , 75 , 52
Johnson County , 41.694042 , -91.63792 , 71 , 9
Johnson County , 41.694042 , -91.63792 , 72 , 18
Johnson County , 41.694042 , -91.63792 , 73 , 11
Johnson County , 41.694042 , -91.63792 , 74 , 10
Johnson County , 41.694042 , -91.63792 , 75 , 2
Johnson County , 41.694113 , -91.608871 , 71 , 38
Johnson County , 41.694113 , -91.608871 , 72 , 46
Johnson County , 41.694113 , -91.608871 , 73 , 15
Johnson County , 41.694113 , -91.608871 , 74 , 2
Johnson County , 41.694113 , -91.608871 , 75 , 19
Johnson County , 41.694188 , -91.6463073 , 71 , 35
Johnson County , 41.694188 , -91.6463073 , 72 , 19
Johnson County , 41.694188 , -91.6463073 , 73 , 2
Johnson County , 41.694188 , -91.6463073 , 74 , 49
Johnson County , 41.694188 , -91.6463073 , 75 , 6
Johnson County , 41.694272 , -91.637815 , 71 , 12
Johnson County , 41.694272 , -91.637815 , 72 , 3
Johnson County , 41.694272 , -91.637815 , 73 , 8
Johnson County , 41.694272 , -91.637815 , 74 , 13
Johnson County , 41.69427 , -91.638216 , 71 , 6
Johnson County , 41.69427 , -91.638216 , 73 , 7
Johnson County , 41.69427 , -91.638216 , 74 , 6
Johnson County , 41.69427 , -91.638216 , 75 , 21
Johnson County , 41.6943258 , -91.638084 , 71 , 18
Johnson County , 41.6943258 , -91.638084 , 72 , 24
Johnson County , 41.6943258 , -91.638084 , 73 , 9
Johnson County , 41.6943258 , -91.638084 , 74 , 1
Johnson County , 41.6943258 , -91.638084 , 75 , 10
Johnson County , 41.69442 , -91.63848 , 71 , 12
Johnson County , 41.69442 , -91.63848 , 72 , 27
Johnson County , 41.69442 , -91.63848 , 73 , 7
Johnson County , 41.69442 , -91.63848 , 74 , 6
Johnson County , 41.69442 , -91.63848 , 75 , 1
Johnson County , 41.694431 , -91.644747 , 71 , 37
Johnson County , 41.694431 , -91.644747 , 72 , 17
Johnson County , 41.694431 , -91.644747 , 73 , 28
Johnson County , 41.694431 , -91.644747 , 75 , 20
Johnson County , 41.694452 , -91.638823 , 73 , 9
Johnson County , 41.694452 , -91.638823 , 74 , 10
Johnson County , 41.694452 , -91.638823 , 75 , 2
Johnson County , 41.694455 , -91.638322 , 71 , 15
Johnson County , 41.694455 , -91.638322 , 72 , 2
Johnson County , 41.694455 , -91.638322 , 73 , 9
Johnson County , 41.694455 , -91.638322 , 74 , 2
Johnson County , 41.694455 , -91.638322 , 75 , 7
Johnson County , 41.694461 , -91.630095 , 71 , 46
Johnson County , 41.694461 , -91.630095 , 73 , 2
Johnson County , 41.694461 , -91.630095 , 74 , 4
Johnson County , 41.694835 , -91.638712 , 71 , 3
Johnson County , 41.694835 , -91.638712 , 72 , 1
Johnson County , 41.694835 , -91.638712 , 73 , 7
Johnson County , 41.698787 , -91.640531 , 71 , 29
Johnson County , 41.698787 , -91.640531 , 72 , 5
Johnson County , 41.698787 , -91.640531 , 73 , 7
Johnson County , 41.698787 , -91.640531 , 74 , 5
Johnson County , 41.77062852 , -91.64574038 , 71 , 91
Johnson County , 41.77062852 , -91.64574038 , 72 , 73
Johnson County , 41.77062852 , -91.64574038 , 73 , 44
Johnson County , 41.77062852 , -91.64574038 , 74 , 23
Johnson County , 41.77062852 , -91.64574038 , 75 , 9
Johnson County , 41.77072803 , -91.6461166 , 71 , 67
Johnson County , 41.77072803 , -91.6461166 , 72 , 60
Johnson County , 41.77072803 , -91.6461166 , 73 , 34
Johnson County , 41.77072803 , -91.6461166 , 74 , 25
Johnson County , 41.77072803 , -91.6461166 , 75 , 43
Johnson County , 41.800157 , -91.64633 , 71 , 67
Johnson County , 41.800157 , -91.64633 , 72 , 40
Johnson County , 41.800157 , -91.64633 , 73 , 22
Johnson County , 41.800157 , -91.64633 , 74 , 6
Johnson County , 41.800157 , -91.64633 , 75 , 18
Johnson County , 41.800747 , -91.646605 , 71 , 19
Johnson County , 41.800747 , -91.646605 , 72 , 9
Johnson County , 41.800747 , -91.646605 , 73 , 9
Johnson County , 41.800747 , -91.646605 , 74 , 17
Johnson County , 41.800747 , -91.646605 , 75 , 3
Johnson County , 41.81450409 , -91.65210644 , 71 , 4
Johnson County , 41.81466509 , -91.65185015 , 71 , 99
Johnson County , 41.81466509 , -91.65185015 , 72 , 50
Johnson County , 41.81466509 , -91.65185015 , 73 , 62
Johnson County , 41.81466509 , -91.65185015 , 74 , 15
Johnson County , 41.81466509 , -91.65185015 , 75 , 31
Johnson County , 41.82846522 , -91.65993971 , 71 , 18
Johnson County , 41.82846522 , -91.65993971 , 72 , 11
Johnson County , 41.82846522 , -91.65993971 , 73 , 11
Johnson County , 41.82879066 , -91.65977976 , 71 , 75
Johnson County , 41.82879066 , -91.65977976 , 72 , 73
Johnson County , 41.82879066 , -91.65977976 , 73 , 39
Johnson County , 41.82879066 , -91.65977976 , 74 , 23
Johnson County , 41.82879066 , -91.65977976 , 75 , 35
Johnson County , 41.842626 , -91.665525 , 71 , 57
Johnson County , 41.842626 , -91.665525 , 72 , 33
Johnson County , 41.842626 , -91.665525 , 73 , 33
Johnson County , 41.842626 , -91.665525 , 74 , 18
Johnson County , 41.842626 , -91.665525 , 75 , 41
Johnson County , 41.842854 , -91.665932 , 71 , 46
Johnson County , 41.842854 , -91.665932 , 72 , 31
Johnson County , 41.842854 , -91.665932 , 73 , 30
Johnson County , 41.842854 , -91.665932 , 74 , 21
Johnson County , 41.842854 , -91.665932 , 75 , 15
Jones County , 42.18241151 , -91.22309105 , 71 , 15
Jones County , 42.18241151 , -91.22309105 , 73 , 1
Jones County , 42.18241151 , -91.22309105 , 74 , 11
Jones County , 42.185605 , -91.220294 , 71 , 20
Jones County , 42.185605 , -91.220294 , 72 , 13
Jones County , 42.185605 , -91.220294 , 73 , 14
Jones County , 42.185605 , -91.220294 , 74 , 10
Jones County , 42.185605 , -91.220294 , 75 , 7
Lee County , 40.475519 , -91.5676927 , 71 , 38
Lee County , 40.475519 , -91.5676927 , 72 , 47
Lee County , 40.475519 , -91.5676927 , 73 , 16
Lee County , 40.475519 , -91.5676927 , 74 , 18
Lee County , 40.475519 , -91.5676927 , 75 , 34
Lee County , 40.47727 , -91.567299 , 71 , 29
Lee County , 40.47727 , -91.567299 , 72 , 13
Lee County , 40.47727 , -91.567299 , 73 , 2
Linn County , 41.86684571 , -91.66926808 , 71 , 115
Linn County , 41.86684571 , -91.66926808 , 72 , 52
Linn County , 41.86684571 , -91.66926808 , 73 , 50
Linn County , 41.86684571 , -91.66926808 , 74 , 28
Linn County , 41.86684571 , -91.66926808 , 75 , 8
Linn County , 41.895348 , -91.671138 , 71 , 65
Linn County , 41.895348 , -91.671138 , 72 , 20
Linn County , 41.895348 , -91.671138 , 73 , 17
Linn County , 41.895348 , -91.671138 , 74 , 13
Linn County , 41.895348 , -91.671138 , 75 , 25
Linn County , 41.895973 , -91.671509 , 71 , 59
Linn County , 41.895973 , -91.671509 , 72 , 61
Linn County , 41.895973 , -91.671509 , 73 , 37
Linn County , 41.895973 , -91.671509 , 74 , 15
Linn County , 41.895973 , -91.671509 , 75 , 37
Linn County , 41.906608 , -91.672231 , 71 , 48
Linn County , 41.906608 , -91.672231 , 72 , 45
Linn County , 41.906608 , -91.672231 , 73 , 32
Linn County , 41.906608 , -91.672231 , 74 , 15
Linn County , 41.906608 , -91.672231 , 75 , 9
Linn County , 41.922102 , -91.670316 , 71 , 18
Linn County , 41.922102 , -91.670316 , 72 , 4
Linn County , 41.922102 , -91.670316 , 73 , 10
Linn County , 41.922102 , -91.670316 , 75 , 4
Linn County , 41.922916 , -91.670541 , 71 , 5
Linn County , 41.922916 , -91.670541 , 72 , 12
Linn County , 41.922916 , -91.670541 , 73 , 4
Linn County , 41.922916 , -91.670541 , 74 , 13
Linn County , 41.922916 , -91.670541 , 75 , 10
Linn County , 41.9260689 , -91.6113961 , 71 , 10
Linn County , 41.9260689 , -91.6113961 , 72 , 5
Linn County , 41.9260689 , -91.6113961 , 73 , 4
Linn County , 41.926074 , -91.533006 , 71 , 16
Linn County , 41.926074 , -91.533006 , 72 , 1
Linn County , 41.926074 , -91.533006 , 74 , 6
Linn County , 41.926074 , -91.533006 , 75 , 12
Linn County , 41.926243 , -91.546526 , 71 , 1
Linn County , 41.926243 , -91.546526 , 72 , 1
Linn County , 41.92635117 , -91.61136083 , 71 , 13
Linn County , 41.92635117 , -91.61136083 , 72 , 4
Linn County , 41.92635117 , -91.61136083 , 73 , 3
Linn County , 41.92642 , -91.537075 , 71 , 16
Linn County , 41.92642 , -91.537075 , 73 , 1
Linn County , 41.9265107 , -91.6381071 , 71 , 18
Linn County , 41.9265107 , -91.6381071 , 72 , 16
Linn County , 41.9265971 , -91.6444895 , 71 , 11
Linn County , 41.9265971 , -91.6444895 , 72 , 11
Linn County , 41.9265971 , -91.6444895 , 73 , 3
Linn County , 41.9265971 , -91.6444895 , 74 , 1
Linn County , 41.9265971 , -91.6444895 , 75 , 2
Linn County , 41.926749 , -91.658428 , 71 , 1
Linn County , 41.926749 , -91.658428 , 73 , 4
Linn County , 41.926749 , -91.658428 , 75 , 1
Linn County , 41.926792 , -91.663777 , 71 , 9
Linn County , 41.926792 , -91.663777 , 72 , 1
Linn County , 41.926792 , -91.663777 , 73 , 15
Linn County , 41.926829 , -91.669803 , 71 , 7
Linn County , 41.926829 , -91.669803 , 74 , 3
Linn County , 41.926829 , -91.669803 , 75 , 11
Linn County , 41.926862 , -91.669745 , 72 , 4
Linn County , 41.926896 , -91.64422 , 71 , 10
Linn County , 41.926896 , -91.64422 , 72 , 1
Linn County , 41.926896 , -91.64422 , 73 , 6
Linn County , 41.926896 , -91.64422 , 74 , 6
Linn County , 41.926896 , -91.64422 , 76 , 5
Linn County , 41.926937 , -91.650311 , 71 , 10
Linn County , 41.926937 , -91.650311 , 72 , 4
Linn County , 41.926937 , -91.650311 , 73 , 19
Linn County , 41.926937 , -91.650311 , 75 , 5
Linn County , 41.926958 , -91.675369 , 72 , 8
Linn County , 41.92698 , -91.657556 , 71 , 13
Linn County , 41.92698 , -91.657556 , 72 , 1
Linn County , 41.92698 , -91.657556 , 73 , 6
Linn County , 41.92698 , -91.657556 , 74 , 10
Linn County , 41.92698 , -91.657556 , 75 , 7
Linn County , 41.927013 , -91.660561 , 72 , 2
Linn County , 41.927013 , -91.660561 , 73 , 15
Linn County , 41.927013 , -91.660561 , 74 , 5
Linn County , 41.927013 , -91.660561 , 75 , 3
Linn County , 41.927113 , -91.66972 , 71 , 10
Linn County , 41.927113 , -91.66972 , 74 , 2
Linn County , 41.927116 , -91.670125 , 74 , 2
Linn County , 41.92716 , -91.677168 , 71 , 3
Linn County , 41.92716 , -91.677168 , 72 , 1
Linn County , 41.92716 , -91.677168 , 75 , 3
Linn County , 41.92722 , -91.675894 , 71 , 5
Linn County , 41.92722 , -91.675894 , 73 , 1
Linn County , 41.927232 , -91.669756 , 71 , 2
Linn County , 41.927232 , -91.669756 , 72 , 5
Linn County , 41.927232 , -91.669756 , 73 , 4
Linn County , 41.927232 , -91.669756 , 75 , 5
Linn County , 41.927253 , -91.670064 , 71 , 7
Linn County , 41.927253 , -91.670064 , 72 , 33
Linn County , 41.927253 , -91.670064 , 73 , 2
Linn County , 41.927253 , -91.670064 , 74 , 3
Linn County , 41.927253 , -91.670064 , 75 , 5
Linn County , 41.9273658 , -91.6769254 , 71 , 6
Linn County , 41.9273658 , -91.6769254 , 72 , 3
Linn County , 41.9273658 , -91.6769254 , 73 , 2
Linn County , 41.9273658 , -91.6769254 , 74 , 1
Linn County , 41.928747 , -91.681244 , 71 , 7
Linn County , 41.928747 , -91.681244 , 72 , 1
Linn County , 41.928747 , -91.681244 , 73 , 9
Linn County , 41.928747 , -91.681244 , 75 , 10
Linn County , 41.929345 , -91.681969 , 71 , 10
Linn County , 41.929345 , -91.681969 , 72 , 1
Linn County , 41.931879 , -91.69067 , 71 , 4
Linn County , 41.931879 , -91.69067 , 72 , 11
Linn County , 41.931879 , -91.69067 , 73 , 2
Linn County , 41.931879 , -91.69067 , 74 , 3
Linn County , 41.932658 , -91.669141 , 71 , 9
Linn County , 41.932658 , -91.669141 , 72 , 8
Linn County , 41.932658 , -91.669141 , 73 , 2
Linn County , 41.932658 , -91.669141 , 74 , 2
Linn County , 41.9343701 , -91.6692971 , 71 , 15
Linn County , 41.9343701 , -91.6692971 , 72 , 4
Linn County , 41.9343701 , -91.6692971 , 73 , 4
Linn County , 41.9343701 , -91.6692971 , 75 , 11
Linn County , 41.936872 , -91.709016 , 71 , 14
Linn County , 41.936872 , -91.709016 , 72 , 1
Linn County , 41.936872 , -91.709016 , 73 , 3
Linn County , 41.93688 , -91.71004 , 71 , 12
Linn County , 41.93688 , -91.71004 , 72 , 3
Linn County , 41.93688 , -91.71004 , 73 , 2
Linn County , 41.93688 , -91.71004 , 74 , 8
Linn County , 41.938036 , -91.714556 , 71 , 13
Linn County , 41.938036 , -91.714556 , 72 , 8
Linn County , 41.938036 , -91.714556 , 74 , 11
Linn County , 41.94019 , -91.722875 , 71 , 3
Linn County , 41.94019 , -91.722875 , 72 , 12
Linn County , 41.94019 , -91.722875 , 74 , 11
Linn County , 41.941394 , -91.669584 , 72 , 1
Linn County , 41.941394 , -91.669584 , 73 , 4
Linn County , 41.941655 , -91.670005 , 71 , 14
Linn County , 41.941655 , -91.670005 , 72 , 2
Linn County , 41.941655 , -91.670005 , 73 , 3
Linn County , 41.941655 , -91.670005 , 74 , 4
Linn County , 41.947168 , -91.748324 , 71 , 22
Linn County , 41.947168 , -91.748324 , 73 , 1
Linn County , 41.947168 , -91.748324 , 75 , 9
Linn County , 41.948794 , -91.670826 , 71 , 6
Linn County , 41.948794 , -91.670826 , 72 , 1
Linn County , 41.948794 , -91.670826 , 73 , 3
Linn County , 41.948794 , -91.670826 , 75 , 1
Linn County , 41.949181 , -91.671115 , 71 , 2
Linn County , 41.949181 , -91.671115 , 74 , 4
Linn County , 41.952067 , -91.670777 , 72 , 1
Linn County , 41.952067 , -91.670777 , 75 , 1
Linn County , 41.952753 , -91.671061 , 71 , 2
Linn County , 41.954769 , -91.770109 , 71 , 11
Linn County , 41.954769 , -91.770109 , 73 , 16
Linn County , 41.954769 , -91.770109 , 74 , 1
Linn County , 41.954847 , -91.769733 , 74 , 1
Linn County , 41.960873 , -91.670921 , 72 , 2
Linn County , 41.963329 , -91.787455 , 71 , 3
Linn County , 41.963329 , -91.787455 , 72 , 2
Linn County , 41.963329 , -91.787455 , 74 , 4
Linn County , 41.967363 , -91.670956 , 75 , 2
Linn County , 41.9808308 , -91.66792 , 73 , 7
Linn County , 41.9811644 , -91.6675383 , 73 , 7
Linn County , 42.007505 , -91.6664 , 74 , 1
Linn County , 42.016297 , -91.666938 , 71 , 1
Linn County , 42.016889 , -91.666636 , 71 , 3
Linn County , 42.017209 , -91.666917 , 71 , 4
Linn County , 42.017209 , -91.666917 , 73 , 1
Linn County , 42.017209 , -91.666917 , 74 , 3
Linn County , 42.021866 , -91.668628 , 71 , 2
Linn County , 42.023285 , -91.669865 , 72 , 3
Linn County , 42.0287106 , -91.6730279 , 71 , 12
Linn County , 42.028956 , -91.673525 , 71 , 1
Linn County , 42.028956 , -91.673525 , 72 , 2
Linn County , 42.038671 , -91.677299 , 71 , 4
Linn County , 42.041695 , -91.678608 , 71 , 1
Linn County , 42.05652667 , -91.69962172 , 71 , 9
Linn County , 42.05652667 , -91.69962172 , 72 , 5
Linn County , 42.05652667 , -91.69962172 , 73 , 12
Linn County , 42.05652667 , -91.69962172 , 74 , 3
Linn County , 42.05652667 , -91.69962172 , 75 , 4
Linn County , 42.096486 , -91.70183 , 71 , 55
Linn County , 42.096486 , -91.70183 , 72 , 51
Linn County , 42.096486 , -91.70183 , 73 , 50
Linn County , 42.096486 , -91.70183 , 74 , 12
Linn County , 42.096486 , -91.70183 , 75 , 51
Linn County , 42.096655 , -91.701494 , 71 , 61
Linn County , 42.096655 , -91.701494 , 72 , 36
Linn County , 42.096655 , -91.701494 , 73 , 30
Linn County , 42.096655 , -91.701494 , 74 , 10
Linn County , 42.096655 , -91.701494 , 75 , 36
Marion County , 41.436026 , -92.998496 , 71 , 7
Marion County , 41.436026 , -92.998496 , 72 , 29
Marion County , 41.436026 , -92.998496 , 73 , 8
Marion County , 41.436026 , -92.998496 , 74 , 10
Mills County , 41.1439779 , -95.8214423 , 71 , 107
Mills County , 41.1439779 , -95.8214423 , 72 , 70
Mills County , 41.1439779 , -95.8214423 , 73 , 73
Mills County , 41.1439779 , -95.8214423 , 74 , 9
Mills County , 41.1439779 , -95.8214423 , 75 , 47
Mills County , 41.144635 , -95.821753 , 71 , 111
Mills County , 41.144635 , -95.821753 , 72 , 45
Mills County , 41.144635 , -95.821753 , 73 , 53
Mills County , 41.144635 , -95.821753 , 74 , 76
Mills County , 41.144635 , -95.821753 , 75 , 58
Osceola County , 43.46803584 , -95.70958689 , 72 , 3
Palo Alto County , 43.112055 , -94.594628 , 72 , 2
Polk County , 41.516408 , -93.714227 , 71 , 29
Polk County , 41.516408 , -93.714227 , 72 , 23
Polk County , 41.516408 , -93.714227 , 73 , 15
Polk County , 41.516408 , -93.714227 , 74 , 19
Polk County , 41.517063 , -93.714643 , 71 , 30
Polk County , 41.517063 , -93.714643 , 72 , 45
Polk County , 41.517063 , -93.714643 , 73 , 17
Polk County , 41.517063 , -93.714643 , 74 , 3
Polk County , 41.518357 , -93.51972 , 71 , 8
Polk County , 41.518357 , -93.51972 , 72 , 24
Polk County , 41.518357 , -93.51972 , 73 , 5
Polk County , 41.518357 , -93.51972 , 74 , 5
Polk County , 41.518357 , -93.51972 , 75 , 3
Polk County , 41.5196 , -93.519998 , 71 , 32
Polk County , 41.5196 , -93.519998 , 72 , 9
Polk County , 41.5196 , -93.519998 , 73 , 13
Polk County , 41.5196 , -93.519998 , 74 , 10
Polk County , 41.521884 , -93.731189 , 71 , 13
Polk County , 41.521884 , -93.731189 , 72 , 24
Polk County , 41.521884 , -93.731189 , 73 , 13
Polk County , 41.521884 , -93.731189 , 74 , 8
Polk County , 41.521884 , -93.731189 , 75 , 16
Polk County , 41.522347 , -93.738575 , 71 , 12
Polk County , 41.522347 , -93.738575 , 72 , 18
Polk County , 41.522347 , -93.738575 , 73 , 6
Polk County , 41.522347 , -93.738575 , 74 , 7
Polk County , 41.522347 , -93.738575 , 75 , 11
Polk County , 41.522652 , -93.739033 , 71 , 15
Polk County , 41.522652 , -93.739033 , 72 , 28
Polk County , 41.522652 , -93.739033 , 73 , 13
Polk County , 41.522652 , -93.739033 , 74 , 10
Polk County , 41.522652 , -93.739033 , 75 , 26
Polk County , 41.5251422 , -93.519302 , 71 , 13
Polk County , 41.5251422 , -93.519302 , 72 , 19
Polk County , 41.5251422 , -93.519302 , 73 , 5
Polk County , 41.5251422 , -93.519302 , 74 , 9
Polk County , 41.5251422 , -93.519302 , 75 , 9
Polk County , 41.529554 , -93.519036 , 71 , 33
Polk County , 41.529554 , -93.519036 , 72 , 17
Polk County , 41.529554 , -93.519036 , 73 , 14
Polk County , 41.529554 , -93.519036 , 74 , 4
Polk County , 41.529554 , -93.519036 , 75 , 1
Polk County , 41.531122 , -93.773979 , 71 , 66
Polk County , 41.531122 , -93.773979 , 72 , 15
Polk County , 41.531122 , -93.773979 , 73 , 21
Polk County , 41.531122 , -93.773979 , 74 , 32
Polk County , 41.531122 , -93.773979 , 75 , 31
Polk County , 41.538654 , -93.775103 , 71 , 87
Polk County , 41.538654 , -93.775103 , 72 , 32
Polk County , 41.538654 , -93.775103 , 73 , 66
Polk County , 41.538654 , -93.775103 , 74 , 12
Polk County , 41.538654 , -93.775103 , 75 , 44
Polk County , 41.541688 , -93.775216 , 71 , 30
Polk County , 41.541688 , -93.775216 , 72 , 30
Polk County , 41.541688 , -93.775216 , 73 , 53
Polk County , 41.541688 , -93.775216 , 74 , 3
Polk County , 41.541688 , -93.775216 , 75 , 7
Polk County , 41.544265 , -93.775928 , 71 , 105
Polk County , 41.544265 , -93.775928 , 72 , 78
Polk County , 41.544265 , -93.775928 , 73 , 75
Polk County , 41.544265 , -93.775928 , 74 , 35
Polk County , 41.544265 , -93.775928 , 75 , 22
Polk County , 41.544927 , -93.775704 , 71 , 52
Polk County , 41.544927 , -93.775704 , 72 , 36
Polk County , 41.544927 , -93.775704 , 73 , 11
Polk County , 41.544927 , -93.775704 , 74 , 24
Polk County , 41.544927 , -93.775704 , 75 , 27
Polk County , 41.564073 , -93.777031 , 71 , 74
Polk County , 41.564073 , -93.777031 , 72 , 39
Polk County , 41.564073 , -93.777031 , 73 , 54
Polk County , 41.564073 , -93.777031 , 74 , 19
Polk County , 41.564073 , -93.777031 , 75 , 8
Polk County , 41.564557 , -93.776679 , 71 , 54
Polk County , 41.564557 , -93.776679 , 72 , 40
Polk County , 41.564557 , -93.776679 , 73 , 50
Polk County , 41.564557 , -93.776679 , 74 , 18
Polk County , 41.564557 , -93.776679 , 75 , 7
Polk County , 41.571975 , -93.51319 , 71 , 9
Polk County , 41.571975 , -93.51319 , 72 , 3
Polk County , 41.571975 , -93.51319 , 73 , 5
Polk County , 41.571975 , -93.51319 , 74 , 19
Polk County , 41.571975 , -93.51319 , 75 , 5
Polk County , 41.577661 , -93.513109 , 71 , 4
Polk County , 41.577661 , -93.513109 , 72 , 1
Polk County , 41.577661 , -93.513109 , 73 , 3
Polk County , 41.577661 , -93.513109 , 74 , 2
Polk County , 41.577661 , -93.513109 , 75 , 6
Polk County , 41.577701 , -93.513464 , 71 , 32
Polk County , 41.577701 , -93.513464 , 72 , 35
Polk County , 41.577701 , -93.513464 , 73 , 14
Polk County , 41.577701 , -93.513464 , 74 , 1
Polk County , 41.585099 , -93.77748 , 71 , 91
Polk County , 41.585099 , -93.77748 , 72 , 85
Polk County , 41.585099 , -93.77748 , 73 , 46
Polk County , 41.585099 , -93.77748 , 74 , 40
Polk County , 41.585099 , -93.77748 , 75 , 22
Polk County , 41.58603 , -93.777759 , 71 , 107
Polk County , 41.58603 , -93.777759 , 72 , 21
Polk County , 41.58603 , -93.777759 , 73 , 29
Polk County , 41.58603 , -93.777759 , 74 , 23
Polk County , 41.58603 , -93.777759 , 75 , 23
Polk County , 41.591258 , -93.678974 , 73 , 4
Polk County , 41.591258 , -93.678974 , 75 , 20
Polk County , 41.591511 , -93.672516 , 72 , 4
Polk County , 41.591511 , -93.672516 , 74 , 7
Polk County , 41.591511 , -93.672516 , 75 , 13
Polk County , 41.591538 , -93.679791 , 71 , 16
Polk County , 41.591809 , -93.777162 , 71 , 72
Polk County , 41.591809 , -93.777162 , 72 , 88
Polk County , 41.591809 , -93.777162 , 73 , 48
Polk County , 41.591809 , -93.777162 , 74 , 7
Polk County , 41.591809 , -93.777162 , 75 , 31
Polk County , 41.591999 , -93.671221 , 71 , 4
Polk County , 41.591999 , -93.671221 , 73 , 4
Polk County , 41.591999 , -93.671221 , 75 , 14
Polk County , 41.592075 , -93.786337 , 71 , 30
Polk County , 41.592075 , -93.786337 , 72 , 32
Polk County , 41.592075 , -93.786337 , 73 , 9
Polk County , 41.592075 , -93.786337 , 74 , 11
Polk County , 41.592075 , -93.786337 , 75 , 2
Polk County , 41.592098 , -93.776474 , 71 , 27
Polk County , 41.592098 , -93.776474 , 72 , 2
Polk County , 41.592098 , -93.776474 , 73 , 7
Polk County , 41.592098 , -93.776474 , 75 , 4
Polk County , 41.592178 , -93.759939 , 71 , 2
Polk County , 41.592178 , -93.759939 , 72 , 8
Polk County , 41.592178 , -93.759939 , 74 , 10
Polk County , 41.592186 , -93.752223 , 71 , 1
Polk County , 41.592186 , -93.752223 , 72 , 11
Polk County , 41.592186 , -93.752223 , 74 , 9
Polk County , 41.592208 , -93.746483 , 71 , 12
Polk County , 41.592208 , -93.746483 , 73 , 8
Polk County , 41.592218 , -93.777454 , 71 , 44
Polk County , 41.592218 , -93.777454 , 72 , 27
Polk County , 41.592218 , -93.777454 , 73 , 48
Polk County , 41.592218 , -93.777454 , 74 , 4
Polk County , 41.592218 , -93.777454 , 75 , 17
Polk County , 41.592269 , -93.787436 , 71 , 27
Polk County , 41.592269 , -93.787436 , 72 , 27
Polk County , 41.592317 , -93.777526 , 71 , 10
Polk County , 41.592317 , -93.777526 , 72 , 40
Polk County , 41.592317 , -93.777526 , 75 , 7
Polk County , 41.59232 , -93.777304 , 71 , 5
Polk County , 41.59232 , -93.777304 , 72 , 37
Polk County , 41.59232 , -93.777304 , 74 , 2
Polk County , 41.59232 , -93.777304 , 75 , 13
Polk County , 41.59234 , -93.741635 , 71 , 8
Polk County , 41.592359 , -93.777452 , 71 , 78
Polk County , 41.592359 , -93.777452 , 72 , 20
Polk County , 41.592359 , -93.777452 , 73 , 32
Polk County , 41.592359 , -93.777452 , 74 , 8
Polk County , 41.592359 , -93.777452 , 75 , 21
Polk County , 41.592368 , -93.757397 , 71 , 7
Polk County , 41.592368 , -93.757397 , 72 , 23
Polk County , 41.592368 , -93.757397 , 73 , 16
Polk County , 41.592368 , -93.757397 , 74 , 4
Polk County , 41.592387 , -93.745371 , 71 , 30
Polk County , 41.592387 , -93.745371 , 72 , 18
Polk County , 41.592387 , -93.745371 , 73 , 24
Polk County , 41.592387 , -93.745371 , 75 , 3
Polk County , 41.592447 , -93.498924 , 71 , 44
Polk County , 41.592447 , -93.498924 , 72 , 29
Polk County , 41.592447 , -93.498924 , 73 , 5
Polk County , 41.592447 , -93.498924 , 74 , 18
Polk County , 41.592447 , -93.498924 , 75 , 21
Polk County , 41.5924765 , -93.7423797 , 71 , 26
Polk County , 41.5924765 , -93.7423797 , 72 , 11
Polk County , 41.5924765 , -93.7423797 , 73 , 17
Polk County , 41.5924765 , -93.7423797 , 75 , 3
Polk County , 41.593102 , -93.665911 , 72 , 5
Polk County , 41.593241 , -93.709863 , 71 , 8
Polk County , 41.593252 , -93.65389 , 71 , 3
Polk County , 41.593252 , -93.65389 , 72 , 5
Polk County , 41.593269 , -93.714414 , 71 , 12
Polk County , 41.593353 , -93.731033 , 71 , 17
Polk County , 41.593353 , -93.731033 , 72 , 31
Polk County , 41.593353 , -93.731033 , 73 , 15
Polk County , 41.593378 , -93.708292 , 71 , 33
Polk County , 41.593378 , -93.708292 , 72 , 5
Polk County , 41.593378 , -93.708292 , 73 , 4
Polk County , 41.593439 , -93.719971 , 71 , 2
Polk County , 41.593439 , -93.719971 , 72 , 36
Polk County , 41.593439 , -93.719971 , 73 , 16
Polk County , 41.593439 , -93.719971 , 74 , 3
Polk County , 41.593549 , -93.499037 , 71 , 31
Polk County , 41.593549 , -93.499037 , 72 , 22
Polk County , 41.593549 , -93.499037 , 73 , 2
Polk County , 41.593549 , -93.499037 , 74 , 12
Polk County , 41.594274 , -93.777043 , 71 , 77
Polk County , 41.594274 , -93.777043 , 72 , 65
Polk County , 41.594274 , -93.777043 , 73 , 12
Polk County , 41.594274 , -93.777043 , 74 , 31
Polk County , 41.594274 , -93.777043 , 75 , 25
Polk County , 41.595191 , -93.774464 , 71 , 3
Polk County , 41.595191 , -93.774464 , 72 , 36
Polk County , 41.595413 , -93.615244 , 71 , 10
Polk County , 41.595413 , -93.615244 , 72 , 1
Polk County , 41.5954535 , -93.6160956 , 71 , 10
Polk County , 41.5954535 , -93.6160956 , 72 , 1
Polk County , 41.595525 , -93.774647 , 71 , 2
Polk County , 41.595525 , -93.774647 , 74 , 4
Polk County , 41.595555 , -93.61506 , 74 , 15
Polk County , 41.595715 , -93.646766 , 71 , 8
Polk County , 41.595715 , -93.646766 , 72 , 11
Polk County , 41.597312 , -93.777206 , 71 , 35
Polk County , 41.597312 , -93.777206 , 72 , 39
Polk County , 41.597312 , -93.777206 , 73 , 36
Polk County , 41.597312 , -93.777206 , 74 , 6
Polk County , 41.597312 , -93.777206 , 75 , 20
Polk County , 41.599536 , -93.777093 , 71 , 14
Polk County , 41.599536 , -93.777093 , 72 , 39
Polk County , 41.599536 , -93.777093 , 73 , 12
Polk County , 41.599536 , -93.777093 , 74 , 1
Polk County , 41.599536 , -93.777093 , 75 , 2
Polk County , 41.600918 , -93.584923 , 71 , 3
Polk County , 41.600918 , -93.584923 , 73 , 4
Polk County , 41.603619 , -93.496399 , 71 , 43
Polk County , 41.603619 , -93.496399 , 72 , 10
Polk County , 41.603619 , -93.496399 , 73 , 39
Polk County , 41.603619 , -93.496399 , 74 , 2
Polk County , 41.603619 , -93.496399 , 75 , 10
Polk County , 41.603657 , -93.580385 , 72 , 4
Polk County , 41.603657 , -93.580385 , 73 , 19
Polk County , 41.603657 , -93.580385 , 75 , 20
Polk County , 41.604492 , -93.496551 , 71 , 27
Polk County , 41.604492 , -93.496551 , 72 , 9
Polk County , 41.604492 , -93.496551 , 73 , 9
Polk County , 41.604492 , -93.496551 , 74 , 10
Polk County , 41.604492 , -93.496551 , 75 , 14
Polk County , 41.607804 , -93.578719 , 75 , 1
Polk County , 41.611294 , -93.776991 , 71 , 71
Polk County , 41.611294 , -93.776991 , 72 , 32
Polk County , 41.611294 , -93.776991 , 73 , 24
Polk County , 41.611294 , -93.776991 , 74 , 3
Polk County , 41.611294 , -93.776991 , 75 , 16
Polk County , 41.611483 , -93.578856 , 71 , 11
Polk County , 41.611483 , -93.578856 , 74 , 3
Polk County , 41.61275576 , -93.49473467 , 71 , 19
Polk County , 41.61275576 , -93.49473467 , 72 , 22
Polk County , 41.61275576 , -93.49473467 , 73 , 3
Polk County , 41.61275576 , -93.49473467 , 74 , 5
Polk County , 41.61275576 , -93.49473467 , 75 , 8
Polk County , 41.618382 , -93.576782 , 71 , 2
Polk County , 41.618382 , -93.576782 , 72 , 2
Polk County , 41.618382 , -93.576782 , 73 , 8
Polk County , 41.618382 , -93.576782 , 74 , 4
Polk County , 41.618466 , -93.576474 , 71 , 2
Polk County , 41.618466 , -93.576474 , 73 , 9
Polk County , 41.618529 , -93.493116 , 71 , 33
Polk County , 41.618529 , -93.493116 , 72 , 20
Polk County , 41.618529 , -93.493116 , 73 , 15
Polk County , 41.618529 , -93.493116 , 74 , 7
Polk County , 41.618529 , -93.493116 , 75 , 9
Polk County , 41.619081 , -93.7767 , 71 , 57
Polk County , 41.619081 , -93.7767 , 72 , 20
Polk County , 41.619081 , -93.7767 , 73 , 28
Polk County , 41.619081 , -93.7767 , 74 , 10
Polk County , 41.619081 , -93.7767 , 75 , 23
Polk County , 41.6200995 , -93.7769402 , 71 , 101
Polk County , 41.6200995 , -93.7769402 , 72 , 55
Polk County , 41.6200995 , -93.7769402 , 73 , 24
Polk County , 41.6200995 , -93.7769402 , 74 , 13
Polk County , 41.622888 , -93.776709 , 71 , 5
Polk County , 41.622888 , -93.776709 , 72 , 35
Polk County , 41.622888 , -93.776709 , 73 , 23
Polk County , 41.622888 , -93.776709 , 74 , 20
Polk County , 41.622888 , -93.776709 , 75 , 34
Polk County , 41.623563 , -93.575658 , 71 , 10
Polk County , 41.623563 , -93.575658 , 72 , 20
Polk County , 41.623563 , -93.575658 , 73 , 9
Polk County , 41.624035 , -93.776976 , 71 , 116
Polk County , 41.624035 , -93.776976 , 72 , 43
Polk County , 41.624035 , -93.776976 , 73 , 29
Polk County , 41.624035 , -93.776976 , 74 , 50
Polk County , 41.624035 , -93.776976 , 75 , 21
Polk County , 41.624261 , -93.575877 , 71 , 8
Polk County , 41.624261 , -93.575877 , 72 , 13
Polk County , 41.624261 , -93.575877 , 73 , 18
Polk County , 41.624261 , -93.575877 , 74 , 9
Polk County , 41.624261 , -93.575877 , 75 , 3
Polk County , 41.627356 , -93.575069 , 71 , 8
Polk County , 41.627356 , -93.575069 , 73 , 31
Polk County , 41.627356 , -93.575069 , 74 , 8
Polk County , 41.627482 , -93.575393 , 71 , 56
Polk County , 41.627482 , -93.575393 , 72 , 8
Polk County , 41.627482 , -93.575393 , 73 , 16
Polk County , 41.627482 , -93.575393 , 74 , 2
Polk County , 41.627482 , -93.575393 , 75 , 9
Polk County , 41.628158 , -93.777031 , 71 , 48
Polk County , 41.628158 , -93.777031 , 72 , 60
Polk County , 41.628158 , -93.777031 , 73 , 25
Polk County , 41.628158 , -93.777031 , 74 , 52
Polk County , 41.628158 , -93.777031 , 75 , 15
Polk County , 41.63045 , -93.776817 , 71 , 29
Polk County , 41.63045 , -93.776817 , 72 , 32
Polk County , 41.63045 , -93.776817 , 73 , 27
Polk County , 41.63045 , -93.776817 , 74 , 13
Polk County , 41.63045 , -93.776817 , 75 , 17
Polk County , 41.632029 , -93.575451 , 71 , 30
Polk County , 41.632029 , -93.575451 , 72 , 20
Polk County , 41.632029 , -93.575451 , 74 , 28
Polk County , 41.632029 , -93.575451 , 75 , 12
Polk County , 41.632774 , -93.575235 , 71 , 13
Polk County , 41.632774 , -93.575235 , 72 , 2
Polk County , 41.632774 , -93.575235 , 74 , 10
Polk County , 41.632774 , -93.575235 , 75 , 28
Polk County , 41.635436 , -93.777119 , 71 , 30
Polk County , 41.635436 , -93.777119 , 72 , 36
Polk County , 41.635436 , -93.777119 , 73 , 42
Polk County , 41.635436 , -93.777119 , 74 , 29
Polk County , 41.635436 , -93.777119 , 75 , 15
Polk County , 41.636623 , -93.776876 , 71 , 10
Polk County , 41.636623 , -93.776876 , 72 , 9
Polk County , 41.636623 , -93.776876 , 73 , 19
Polk County , 41.636623 , -93.776876 , 74 , 9
Polk County , 41.640874 , -93.50838 , 71 , 49
Polk County , 41.640874 , -93.50838 , 72 , 23
Polk County , 41.640874 , -93.50838 , 73 , 4
Polk County , 41.640874 , -93.50838 , 74 , 1
Polk County , 41.640874 , -93.50838 , 75 , 3
Polk County , 41.644414 , -93.777096 , 71 , 87
Polk County , 41.644414 , -93.777096 , 72 , 38
Polk County , 41.644414 , -93.777096 , 73 , 21
Polk County , 41.644414 , -93.777096 , 74 , 31
Polk County , 41.644414 , -93.777096 , 75 , 8
Polk County , 41.647435 , -93.575857 , 71 , 24
Polk County , 41.647435 , -93.575857 , 72 , 3
Polk County , 41.647435 , -93.575857 , 73 , 6
Polk County , 41.647435 , -93.575857 , 74 , 9
Polk County , 41.647435 , -93.575857 , 75 , 1
Polk County , 41.647568 , -93.575521 , 71 , 59
Polk County , 41.647568 , -93.575521 , 72 , 22
Polk County , 41.647568 , -93.575521 , 73 , 6
Polk County , 41.647568 , -93.575521 , 74 , 12
Polk County , 41.647568 , -93.575521 , 75 , 37
Polk County , 41.647899 , -93.575861 , 71 , 11
Polk County , 41.647899 , -93.575861 , 72 , 41
Polk County , 41.647899 , -93.575861 , 73 , 55
Polk County , 41.647899 , -93.575861 , 74 , 5
Polk County , 41.64875 , -93.774441 , 71 , 42
Polk County , 41.64875 , -93.774441 , 72 , 11
Polk County , 41.64875 , -93.774441 , 73 , 15
Polk County , 41.64875 , -93.774441 , 74 , 10
Polk County , 41.64875 , -93.774441 , 75 , 21
Polk County , 41.649399 , -93.626871 , 71 , 28
Polk County , 41.649399 , -93.626871 , 72 , 50
Polk County , 41.649416 , -93.612617 , 71 , 29
Polk County , 41.649416 , -93.612617 , 72 , 17
Polk County , 41.649416 , -93.612617 , 73 , 24
Polk County , 41.649416 , -93.612617 , 75 , 7
Polk County , 41.6495686 , -93.7728797 , 71 , 26
Polk County , 41.6495686 , -93.7728797 , 72 , 26
Polk County , 41.6495686 , -93.7728797 , 73 , 11
Polk County , 41.6495686 , -93.7728797 , 74 , 17
Polk County , 41.6495686 , -93.7728797 , 75 , 3
Polk County , 41.64958 , -93.626525 , 71 , 52
Polk County , 41.64958 , -93.626525 , 72 , 41
Polk County , 41.64958 , -93.626525 , 73 , 8
Polk County , 41.64958 , -93.626525 , 74 , 2
Polk County , 41.64958 , -93.626525 , 75 , 12
Polk County , 41.649614 , -93.611879 , 71 , 48
Polk County , 41.649614 , -93.611879 , 72 , 19
Polk County , 41.649614 , -93.611879 , 74 , 14
Polk County , 41.649614 , -93.611879 , 75 , 12
Polk County , 41.64988648 , -93.64964392 , 71 , 23
Polk County , 41.64988648 , -93.64964392 , 72 , 11
Polk County , 41.64988648 , -93.64964392 , 73 , 4
Polk County , 41.64988648 , -93.64964392 , 74 , 11
Polk County , 41.64994204 , -93.64670991 , 71 , 42
Polk County , 41.64994204 , -93.64670991 , 72 , 12
Polk County , 41.64994204 , -93.64670991 , 73 , 8
Polk County , 41.64994204 , -93.64670991 , 75 , 7
Polk County , 41.650243 , -93.592249 , 71 , 1
Polk County , 41.650387 , -93.592942 , 71 , 75
Polk County , 41.650387 , -93.592942 , 72 , 11
Polk County , 41.650387 , -93.592942 , 73 , 4
Polk County , 41.650387 , -93.592942 , 74 , 19
Polk County , 41.650387 , -93.592942 , 75 , 11
Polk County , 41.6506685 , -93.5766001 , 71 , 1
Polk County , 41.6506685 , -93.5766001 , 72 , 15
Polk County , 41.6506685 , -93.5766001 , 73 , 6
Polk County , 41.6506685 , -93.5766001 , 75 , 5
Polk County , 41.650782 , -93.669946 , 71 , 41
Polk County , 41.650782 , -93.669946 , 72 , 12
Polk County , 41.650782 , -93.669946 , 73 , 6
Polk County , 41.650782 , -93.669946 , 75 , 6
Polk County , 41.650837 , -93.666884 , 71 , 44
Polk County , 41.650837 , -93.666884 , 72 , 15
Polk County , 41.650837 , -93.666884 , 73 , 8
Polk County , 41.650837 , -93.666884 , 74 , 27
Polk County , 41.650837 , -93.666884 , 75 , 8
Polk County , 41.650995 , -93.582596 , 71 , 3
Polk County , 41.650995 , -93.582596 , 73 , 2
Polk County , 41.650995 , -93.582596 , 75 , 6
Polk County , 41.651321 , -93.581826 , 71 , 40
Polk County , 41.651321 , -93.581826 , 72 , 6
Polk County , 41.651321 , -93.581826 , 73 , 1
Polk County , 41.651321 , -93.581826 , 74 , 20
Polk County , 41.651568 , -93.515419 , 71 , 14
Polk County , 41.651568 , -93.515419 , 72 , 13
Polk County , 41.651568 , -93.515419 , 73 , 15
Polk County , 41.651568 , -93.515419 , 74 , 13
Polk County , 41.651568 , -93.515419 , 75 , 14
Polk County , 41.651837 , -93.745132 , 71 , 31
Polk County , 41.651837 , -93.745132 , 72 , 17
Polk County , 41.651837 , -93.745132 , 74 , 2
Polk County , 41.651948 , -93.516094 , 71 , 18
Polk County , 41.651948 , -93.516094 , 73 , 1
Polk County , 41.651948 , -93.516094 , 74 , 2
Polk County , 41.652095 , -93.74308 , 71 , 55
Polk County , 41.652095 , -93.74308 , 72 , 14
Polk County , 41.652095 , -93.74308 , 73 , 22
Polk County , 41.652095 , -93.74308 , 74 , 2
Polk County , 41.652095 , -93.74308 , 75 , 18
Polk County , 41.652274 , -93.729619 , 71 , 44
Polk County , 41.652274 , -93.729619 , 72 , 21
Polk County , 41.652274 , -93.729619 , 73 , 11
Polk County , 41.652274 , -93.729619 , 74 , 6
Polk County , 41.652377 , -93.705608 , 71 , 34
Polk County , 41.652377 , -93.705608 , 72 , 36
Polk County , 41.652377 , -93.705608 , 73 , 8
Polk County , 41.652377 , -93.705608 , 74 , 3
Polk County , 41.652377 , -93.705608 , 75 , 9
Polk County , 41.652522 , -93.727775 , 71 , 36
Polk County , 41.652522 , -93.727775 , 72 , 26
Polk County , 41.652522 , -93.727775 , 73 , 23
Polk County , 41.652522 , -93.727775 , 74 , 19
Polk County , 41.652522 , -93.727775 , 75 , 20
Polk County , 41.652583 , -93.705581 , 71 , 46
Polk County , 41.652583 , -93.705581 , 72 , 15
Polk County , 41.652583 , -93.705581 , 73 , 6
Polk County , 41.652583 , -93.705581 , 74 , 13
Polk County , 41.652583 , -93.705581 , 75 , 2
Polk County , 41.6526325 , -93.5704893 , 71 , 17
Polk County , 41.6526325 , -93.5704893 , 72 , 9
Polk County , 41.6526325 , -93.5704893 , 73 , 24
Polk County , 41.6534013 , -93.5731377 , 71 , 1
Polk County , 41.6534013 , -93.5731377 , 72 , 24
Polk County , 41.653413 , -93.567538 , 71 , 29
Polk County , 41.653413 , -93.567538 , 72 , 22
Polk County , 41.653413 , -93.567538 , 73 , 23
Polk County , 41.653413 , -93.567538 , 74 , 4
Polk County , 41.6535368 , -93.5744409 , 71 , 25
Polk County , 41.6535368 , -93.5744409 , 72 , 5
Polk County , 41.65584228 , -93.54963368 , 71 , 49
Polk County , 41.65584228 , -93.54963368 , 72 , 24
Polk County , 41.65584228 , -93.54963368 , 73 , 11
Polk County , 41.6566779 , -93.5755435 , 71 , 22
Polk County , 41.6566779 , -93.5755435 , 72 , 7
Polk County , 41.6566779 , -93.5755435 , 73 , 8
Polk County , 41.6566779 , -93.5755435 , 74 , 14
Polk County , 41.6566779 , -93.5755435 , 75 , 11
Polk County , 41.6583726 , -93.5755329 , 71 , 23
Polk County , 41.6583726 , -93.5755329 , 72 , 13
Polk County , 41.6583726 , -93.5755329 , 73 , 5
Polk County , 41.6583726 , -93.5755329 , 74 , 4
Polk County , 41.6583726 , -93.5755329 , 75 , 20
Polk County , 41.660586 , -93.494253 , 74 , 7
Polk County , 41.660586 , -93.494253 , 75 , 1
Polk County , 41.661374 , -93.490672 , 71 , 59
Polk County , 41.661374 , -93.490672 , 72 , 22
Polk County , 41.661374 , -93.490672 , 73 , 13
Polk County , 41.661374 , -93.490672 , 74 , 2
Polk County , 41.661374 , -93.490672 , 75 , 15
Polk County , 41.661972 , -93.490665 , 71 , 64
Polk County , 41.661972 , -93.490665 , 72 , 76
Polk County , 41.661972 , -93.490665 , 73 , 18
Polk County , 41.661972 , -93.490665 , 74 , 20
Polk County , 41.661972 , -93.490665 , 75 , 26
Polk County , 41.662082 , -93.498304 , 71 , 67
Polk County , 41.662082 , -93.498304 , 72 , 59
Polk County , 41.662082 , -93.498304 , 73 , 50
Polk County , 41.662082 , -93.498304 , 74 , 13
Polk County , 41.662082 , -93.498304 , 75 , 1
Polk County , 41.664694 , -93.472529 , 71 , 11
Polk County , 41.664694 , -93.472529 , 72 , 13
Polk County , 41.664694 , -93.472529 , 73 , 15
Polk County , 41.664694 , -93.472529 , 74 , 31
Polk County , 41.6652775 , -93.4714198 , 71 , 58
Polk County , 41.6652775 , -93.4714198 , 72 , 7
Polk County , 41.6652775 , -93.4714198 , 73 , 11
Polk County , 41.6652775 , -93.4714198 , 74 , 2
Polk County , 41.6652775 , -93.4714198 , 75 , 24
Polk County , 41.6695672 , -93.4570145 , 71 , 44
Polk County , 41.6695672 , -93.4570145 , 72 , 62
Polk County , 41.6695672 , -93.4570145 , 73 , 3
Polk County , 41.6695672 , -93.4570145 , 74 , 27
Polk County , 41.6695672 , -93.4570145 , 75 , 14
Polk County , 41.673827 , -93.577721 , 71 , 104
Polk County , 41.673827 , -93.577721 , 72 , 36
Polk County , 41.673827 , -93.577721 , 73 , 8
Polk County , 41.673827 , -93.577721 , 74 , 2
Polk County , 41.673827 , -93.577721 , 75 , 7
Polk County , 41.6743 , -93.578034 , 71 , 3
Polk County , 41.6743 , -93.578034 , 72 , 15
Polk County , 41.686423 , -93.575979 , 72 , 4
Polk County , 41.686423 , -93.575979 , 73 , 3
Polk County , 41.686423 , -93.575979 , 75 , 29
Polk County , 41.687163 , -93.575667 , 71 , 63
Polk County , 41.687163 , -93.575667 , 72 , 32
Polk County , 41.687163 , -93.575667 , 73 , 8
Polk County , 41.687163 , -93.575667 , 74 , 20
Polk County , 41.687163 , -93.575667 , 75 , 7
Polk County , 41.707 , -93.576096 , 71 , 91
Polk County , 41.707 , -93.576096 , 72 , 35
Polk County , 41.707 , -93.576096 , 73 , 44
Polk County , 41.707 , -93.576096 , 74 , 4
Polk County , 41.707 , -93.576096 , 75 , 15
Polk County , 41.70837 , -93.576453 , 71 , 79
Polk County , 41.70837 , -93.576453 , 72 , 30
Polk County , 41.70837 , -93.576453 , 73 , 11
Polk County , 41.70837 , -93.576453 , 74 , 24
Polk County , 41.70837 , -93.576453 , 75 , 39
Polk County , 41.7357757 , -93.5774501 , 71 , 90
Polk County , 41.7357757 , -93.5774501 , 72 , 28
Polk County , 41.7357757 , -93.5774501 , 73 , 15
Polk County , 41.7357757 , -93.5774501 , 74 , 2
Polk County , 41.7357757 , -93.5774501 , 75 , 3
Polk County , 41.736249 , -93.577796 , 71 , 100
Polk County , 41.736249 , -93.577796 , 72 , 42
Polk County , 41.736249 , -93.577796 , 73 , 69
Polk County , 41.736249 , -93.577796 , 74 , 30
Polk County , 41.736249 , -93.577796 , 75 , 31
Polk County , 41.7559001 , -93.5710737 , 71 , 73
Polk County , 41.7559001 , -93.5710737 , 72 , 37
Polk County , 41.7559001 , -93.5710737 , 73 , 19
Polk County , 41.7559001 , -93.5710737 , 74 , 20
Polk County , 41.7559001 , -93.5710737 , 75 , 10
Polk County , 41.7565622 , -93.57102 , 71 , 124
Polk County , 41.7565622 , -93.57102 , 72 , 104
Polk County , 41.7565622 , -93.57102 , 73 , 74
Polk County , 41.7565622 , -93.57102 , 74 , 30
Polk County , 41.7565622 , -93.57102 , 75 , 12
Polk County , 41.7649573 , -93.569812 , 71 , 105
Polk County , 41.7649573 , -93.569812 , 72 , 81
Polk County , 41.7649573 , -93.569812 , 73 , 50
Polk County , 41.7649573 , -93.569812 , 74 , 42
Polk County , 41.7649573 , -93.569812 , 75 , 35
Polk County , 41.7657472 , -93.5696369 , 71 , 134
Polk County , 41.7657472 , -93.5696369 , 72 , 127
Polk County , 41.7657472 , -93.5696369 , 73 , 35
Polk County , 41.7657472 , -93.5696369 , 74 , 26
Polk County , 41.7657472 , -93.5696369 , 75 , 3
Polk County , 41.795304 , -93.570236 , 71 , 168
Polk County , 41.795304 , -93.570236 , 72 , 182
Polk County , 41.795304 , -93.570236 , 73 , 104
Polk County , 41.795304 , -93.570236 , 74 , 142
Polk County , 41.795304 , -93.570236 , 75 , 50
Polk County , 41.795759 , -93.570532 , 71 , 152
Polk County , 41.795759 , -93.570532 , 72 , 162
Polk County , 41.795759 , -93.570532 , 73 , 117
Polk County , 41.795759 , -93.570532 , 74 , 94
Polk County , 41.795759 , -93.570532 , 75 , 114
Polk County , 41.82579441 , -93.57102505 , 71 , 170
Polk County , 41.82579441 , -93.57102505 , 72 , 123
Polk County , 41.82579441 , -93.57102505 , 73 , 119
Polk County , 41.82579441 , -93.57102505 , 74 , 84
Polk County , 41.82579441 , -93.57102505 , 75 , 71
Polk County , 41.82671745 , -93.57076351 , 71 , 179
Polk County , 41.82671745 , -93.57076351 , 72 , 174
Polk County , 41.82671745 , -93.57076351 , 73 , 117
Polk County , 41.82671745 , -93.57076351 , 74 , 101
Polk County , 41.82671745 , -93.57076351 , 75 , 59
Polk County , 41.842319 , -93.570935 , 71 , 193
Polk County , 41.842319 , -93.570935 , 72 , 138
Polk County , 41.842319 , -93.570935 , 73 , 103
Polk County , 41.842319 , -93.570935 , 74 , 107
Polk County , 41.842319 , -93.570935 , 75 , 72
Polk County , 41.842319 , -93.571218 , 71 , 185
Polk County , 41.842319 , -93.571218 , 72 , 178
Polk County , 41.842319 , -93.571218 , 73 , 109
Polk County , 41.842319 , -93.571218 , 74 , 91
Polk County , 41.842319 , -93.571218 , 75 , 115
Pottawattamie County , 41.18456597 , -95.82349167 , 71 , 32
Pottawattamie County , 41.18456597 , -95.82349167 , 72 , 23
Pottawattamie County , 41.18456597 , -95.82349167 , 73 , 12
Pottawattamie County , 41.18456597 , -95.82349167 , 74 , 22
Pottawattamie County , 41.18456597 , -95.82349167 , 75 , 25
Pottawattamie County , 41.18457497 , -95.82376623 , 71 , 111
Pottawattamie County , 41.18457497 , -95.82376623 , 72 , 72
Pottawattamie County , 41.18457497 , -95.82376623 , 73 , 15
Pottawattamie County , 41.18457497 , -95.82376623 , 74 , 38
Pottawattamie County , 41.18457497 , -95.82376623 , 75 , 15
Pottawattamie County , 41.201466 , -95.823566 , 71 , 73
Pottawattamie County , 41.201466 , -95.823566 , 72 , 28
Pottawattamie County , 41.201466 , -95.823566 , 73 , 13
Pottawattamie County , 41.201466 , -95.823566 , 74 , 18
Pottawattamie County , 41.201466 , -95.823566 , 75 , 8
Pottawattamie County , 41.216465 , -95.828569 , 71 , 35
Pottawattamie County , 41.216465 , -95.828569 , 72 , 2
Pottawattamie County , 41.216465 , -95.828569 , 73 , 5
Pottawattamie County , 41.216465 , -95.828569 , 74 , 1
Pottawattamie County , 41.216465 , -95.828569 , 75 , 6
Pottawattamie County , 41.217347 , -95.829143 , 71 , 1
Pottawattamie County , 41.217347 , -95.829143 , 72 , 10
Pottawattamie County , 41.220739 , -95.833073 , 71 , 4
Pottawattamie County , 41.220739 , -95.833073 , 72 , 3
Pottawattamie County , 41.220739 , -95.833073 , 75 , 10
Pottawattamie County , 41.223764 , -95.835087 , 71 , 2
Pottawattamie County , 41.223764 , -95.835087 , 72 , 10
Pottawattamie County , 41.224009 , -95.836531 , 71 , 4
Pottawattamie County , 41.224009 , -95.836531 , 72 , 3
Pottawattamie County , 41.224009 , -95.836531 , 75 , 10
Pottawattamie County , 41.230886 , -95.843949 , 71 , 1
Pottawattamie County , 41.230886 , -95.843949 , 72 , 5
Pottawattamie County , 41.2319853 , -95.8509435 , 72 , 3
Pottawattamie County , 41.232061 , -95.903513 , 73 , 7
Pottawattamie County , 41.232117 , -95.873535 , 71 , 1
Pottawattamie County , 41.232313 , -95.873724 , 74 , 1
Pottawattamie County , 41.232313 , -95.873724 , 75 , 6
Pottawattamie County , 41.232351 , -95.884937 , 73 , 8
Pottawattamie County , 41.232571 , -95.885544 , 71 , 11
Pottawattamie County , 41.232571 , -95.885544 , 73 , 10
Pottawattamie County , 41.232571 , -95.885544 , 75 , 6
Pottawattamie County , 41.241685 , -95.904534 , 71 , 10
Pottawattamie County , 41.241685 , -95.904534 , 75 , 16
Pottawattamie County , 41.242481 , -95.90491 , 72 , 11
Pottawattamie County , 41.242481 , -95.90491 , 73 , 1
Pottawattamie County , 41.244449 , -95.81922 , 71 , 1
Pottawattamie County , 41.244449 , -95.81922 , 72 , 1
Pottawattamie County , 41.244776 , -95.819079 , 71 , 3
Pottawattamie County , 41.2479993 , -95.9069055 , 71 , 25
Pottawattamie County , 41.2479993 , -95.9069055 , 75 , 5
Pottawattamie County , 41.24989721 , -95.81209132 , 71 , 2
Pottawattamie County , 41.24989721 , -95.81209132 , 73 , 3
Pottawattamie County , 41.24989721 , -95.81209132 , 75 , 13
Pottawattamie County , 41.257479 , -95.906735 , 71 , 1
Pottawattamie County , 41.2602891 , -95.9174844 , 71 , 3
Pottawattamie County , 41.2602891 , -95.9174844 , 72 , 2
Pottawattamie County , 41.260602 , -95.916063 , 71 , 3
Pottawattamie County , 41.26356908 , -95.801087 , 71 , 27
Pottawattamie County , 41.26356908 , -95.801087 , 72 , 3
Pottawattamie County , 41.26356908 , -95.801087 , 73 , 23
Pottawattamie County , 41.26356908 , -95.801087 , 74 , 22
Pottawattamie County , 41.26356908 , -95.801087 , 75 , 21
Pottawattamie County , 41.2673992 , -95.9084127 , 73 , 1
Pottawattamie County , 41.267857 , -95.908262 , 73 , 5
Pottawattamie County , 41.267857 , -95.908262 , 74 , 11
Pottawattamie County , 41.267857 , -95.908262 , 75 , 1
Pottawattamie County , 41.274995 , -95.886207 , 71 , 4
Pottawattamie County , 41.275835 , -95.877388 , 71 , 3
Pottawattamie County , 41.275835 , -95.877388 , 75 , 5
Pottawattamie County , 41.283854 , -95.782307 , 71 , 34
Pottawattamie County , 41.283854 , -95.782307 , 72 , 9
Pottawattamie County , 41.283854 , -95.782307 , 73 , 30
Pottawattamie County , 41.283854 , -95.782307 , 75 , 10
Pottawattamie County , 41.284534 , -95.781542 , 71 , 65
Pottawattamie County , 41.284534 , -95.781542 , 72 , 54
Pottawattamie County , 41.284534 , -95.781542 , 73 , 38
Pottawattamie County , 41.284534 , -95.781542 , 74 , 19
Pottawattamie County , 41.288864 , -95.866118 , 71 , 3
Pottawattamie County , 41.288864 , -95.866118 , 72 , 8
Pottawattamie County , 41.288864 , -95.866118 , 75 , 1
Pottawattamie County , 41.32138731 , -95.88146314 , 71 , 163
Pottawattamie County , 41.32138731 , -95.88146314 , 72 , 101
Pottawattamie County , 41.32138731 , -95.88146314 , 73 , 35
Pottawattamie County , 41.32138731 , -95.88146314 , 74 , 70
Pottawattamie County , 41.32138731 , -95.88146314 , 75 , 81
Pottawattamie County , 41.350277 , -95.897277 , 71 , 34
Pottawattamie County , 41.350277 , -95.897277 , 72 , 27
Pottawattamie County , 41.350277 , -95.897277 , 73 , 48
Pottawattamie County , 41.350277 , -95.897277 , 74 , 59
Pottawattamie County , 41.350277 , -95.897277 , 75 , 53
Pottawattamie County , 41.3502 , -95.897546 , 71 , 145
Pottawattamie County , 41.3502 , -95.897546 , 72 , 130
Pottawattamie County , 41.3502 , -95.897546 , 73 , 46
Pottawattamie County , 41.3502 , -95.897546 , 74 , 44
Pottawattamie County , 41.3502 , -95.897546 , 75 , 79
Pottawattamie County , 41.35288 , -95.905978 , 71 , 20
Pottawattamie County , 41.35288 , -95.905978 , 72 , 2
Pottawattamie County , 41.35288 , -95.905978 , 73 , 5
Pottawattamie County , 41.353974 , -95.900009 , 71 , 26
Pottawattamie County , 41.353974 , -95.900009 , 72 , 29
Pottawattamie County , 41.353974 , -95.900009 , 73 , 17
Pottawattamie County , 41.353974 , -95.900009 , 74 , 27
Pottawattamie County , 41.353974 , -95.900009 , 75 , 21
Pottawattamie County , 41.3543213 , -95.9005039 , 71 , 111
Pottawattamie County , 41.3543213 , -95.9005039 , 72 , 96
Pottawattamie County , 41.3543213 , -95.9005039 , 73 , 50
Pottawattamie County , 41.3543213 , -95.9005039 , 74 , 63
Pottawattamie County , 41.3543213 , -95.9005039 , 75 , 100
Pottawattamie County , 41.3543909 , -95.9005352 , 71 , 83
Pottawattamie County , 41.3543909 , -95.9005352 , 72 , 149
Pottawattamie County , 41.3543909 , -95.9005352 , 73 , 76
Pottawattamie County , 41.3543909 , -95.9005352 , 74 , 13
Pottawattamie County , 41.3543909 , -95.9005352 , 75 , 114
Pottawattamie County , 41.354671 , -95.900108 , 71 , 4
Pottawattamie County , 41.354742 , -95.900427 , 71 , 31
Pottawattamie County , 41.354742 , -95.900427 , 72 , 42
Pottawattamie County , 41.354742 , -95.900427 , 73 , 26
Pottawattamie County , 41.354742 , -95.900427 , 74 , 35
Pottawattamie County , 41.354742 , -95.900427 , 75 , 10
Pottawattamie County , 41.359819 , -95.900967 , 71 , 83
Pottawattamie County , 41.359819 , -95.900967 , 72 , 99
Pottawattamie County , 41.359819 , -95.900967 , 73 , 28
Pottawattamie County , 41.359819 , -95.900967 , 74 , 20
Pottawattamie County , 41.359819 , -95.900967 , 75 , 3
Pottawattamie County , 41.359924 , -95.901223 , 71 , 129
Pottawattamie County , 41.359924 , -95.901223 , 72 , 109
Pottawattamie County , 41.359924 , -95.901223 , 73 , 64
Pottawattamie County , 41.359924 , -95.901223 , 74 , 12
Pottawattamie County , 41.359924 , -95.901223 , 75 , 133
Pottawattamie County , 41.38424938 , -95.89969183 , 71 , 121
Pottawattamie County , 41.38424938 , -95.89969183 , 72 , 128
Pottawattamie County , 41.38424938 , -95.89969183 , 73 , 77
Pottawattamie County , 41.38424938 , -95.89969183 , 74 , 64
Pottawattamie County , 41.38424938 , -95.89969183 , 75 , 71
Pottawattamie County , 41.49870546 , -95.70897896 , 71 , 61
Pottawattamie County , 41.49870546 , -95.70897896 , 72 , 80
Pottawattamie County , 41.49870546 , -95.70897896 , 73 , 14
Pottawattamie County , 41.49870546 , -95.70897896 , 74 , 28
Pottawattamie County , 41.49870546 , -95.70897896 , 75 , 14
Pottawattamie County , 41.49921632 , -95.4783553 , 71 , 87
Pottawattamie County , 41.49921632 , -95.4783553 , 72 , 63
Pottawattamie County , 41.49921632 , -95.4783553 , 73 , 41
Pottawattamie County , 41.49921632 , -95.4783553 , 74 , 35
Pottawattamie County , 41.49921632 , -95.4783553 , 75 , 19
Scott County , 41.487608 , -90.643289 , 71 , 17
Scott County , 41.487608 , -90.643289 , 73 , 7
Scott County , 41.487608 , -90.643289 , 75 , 8
Scott County , 41.48882 , -90.645351 , 71 , 256
Scott County , 41.48882 , -90.645351 , 72 , 141
Scott County , 41.48882 , -90.645351 , 73 , 53
Scott County , 41.48882 , -90.645351 , 74 , 28
Scott County , 41.48882 , -90.645351 , 75 , 4
Scott County , 41.535062 , -90.516139 , 71 , 42
Scott County , 41.535062 , -90.516139 , 73 , 2
Scott County , 41.535062 , -90.516139 , 74 , 27
Scott County , 41.535062 , -90.516139 , 75 , 8
Scott County , 41.535507 , -90.516579 , 72 , 12
Scott County , 41.535507 , -90.516579 , 74 , 5
Scott County , 41.537348 , -90.516814 , 71 , 6
Scott County , 41.537348 , -90.516814 , 72 , 8
Scott County , 41.537348 , -90.516814 , 73 , 23
Scott County , 41.537348 , -90.516814 , 74 , 4
Scott County , 41.537348 , -90.516814 , 75 , 23
Scott County , 41.537348 , -90.516814 , 76 , 8
Scott County , 41.537384 , -90.517115 , 71 , 1
Scott County , 41.537384 , -90.517115 , 72 , 1
Scott County , 41.537384 , -90.517115 , 73 , 5
Scott County , 41.537384 , -90.517115 , 74 , 16
Scott County , 41.54382 , -90.518381 , 71 , 38
Scott County , 41.54382 , -90.518381 , 72 , 12
Scott County , 41.54382 , -90.518381 , 73 , 19
Scott County , 41.54382 , -90.518381 , 74 , 7
Scott County , 41.550026 , -90.521429 , 71 , 4
Scott County , 41.550026 , -90.521429 , 72 , 32
Scott County , 41.550026 , -90.521429 , 73 , 4
Scott County , 41.550026 , -90.521429 , 74 , 31
Scott County , 41.550026 , -90.521429 , 75 , 6
Scott County , 41.554494 , -90.522113 , 71 , 32
Scott County , 41.554494 , -90.522113 , 72 , 1
Scott County , 41.559632 , -90.522232 , 71 , 26
Scott County , 41.559632 , -90.522232 , 72 , 25
Scott County , 41.559632 , -90.522232 , 73 , 23
Scott County , 41.559632 , -90.522232 , 74 , 92
Scott County , 41.560811 , -90.522559 , 71 , 42
Scott County , 41.560811 , -90.522559 , 72 , 12
Scott County , 41.569786 , -90.522137 , 71 , 34
Scott County , 41.569786 , -90.522137 , 72 , 38
Scott County , 41.569786 , -90.522137 , 74 , 8
Scott County , 41.569786 , -90.522137 , 75 , 2
Scott County , 41.570355 , -90.522413 , 71 , 9
Scott County , 41.570355 , -90.522413 , 73 , 5
Scott County , 41.570355 , -90.522413 , 74 , 19
Scott County , 41.5744396 , -90.5220681 , 71 , 34
Scott County , 41.5744396 , -90.5220681 , 72 , 80
Scott County , 41.5744396 , -90.5220681 , 73 , 20
Scott County , 41.5744396 , -90.5220681 , 74 , 2
Scott County , 41.5744396 , -90.5220681 , 75 , 8
Scott County , 41.5749797 , -90.522326 , 71 , 48
Scott County , 41.5749797 , -90.522326 , 72 , 39
Scott County , 41.5749797 , -90.522326 , 74 , 31
Scott County , 41.579308 , -90.521964 , 71 , 5
Scott County , 41.579308 , -90.521964 , 72 , 6
Scott County , 41.579308 , -90.521964 , 73 , 24
Scott County , 41.579308 , -90.521964 , 75 , 2
Scott County , 41.5954193 , -90.5702123 , 71 , 4
Scott County , 41.5954193 , -90.5702123 , 73 , 13
Scott County , 41.5954193 , -90.5702123 , 75 , 27
Scott County , 41.595652 , -90.570476 , 73 , 7
Scott County , 41.596243 , -90.57117 , 71 , 28
Scott County , 41.596243 , -90.57117 , 72 , 18
Scott County , 41.596243 , -90.57117 , 73 , 8
Scott County , 41.596243 , -90.57117 , 74 , 8
Scott County , 41.596243 , -90.57117 , 75 , 13
Scott County , 41.5965028 , -90.5711924 , 71 , 59
Scott County , 41.5965028 , -90.5711924 , 72 , 15
Scott County , 41.5965028 , -90.5711924 , 73 , 7
Scott County , 41.5965028 , -90.5711924 , 75 , 22
Scott County , 41.596927 , -90.570021 , 72 , 2
Scott County , 41.596927 , -90.570021 , 74 , 7
Scott County , 41.596927 , -90.570021 , 75 , 2
Scott County , 41.597099 , -90.57655 , 71 , 10
Scott County , 41.597099 , -90.57655 , 72 , 10
Scott County , 41.597099 , -90.57655 , 73 , 1
Scott County , 41.597099 , -90.57655 , 74 , 25
Scott County , 41.597099 , -90.57655 , 75 , 4
Scott County , 41.597369 , -90.57673 , 71 , 21
Scott County , 41.597369 , -90.57673 , 72 , 12
Scott County , 41.597369 , -90.57673 , 73 , 29
Scott County , 41.597369 , -90.57673 , 74 , 6
Scott County , 41.599752 , -90.612175 , 71 , 34
Scott County , 41.599752 , -90.612175 , 72 , 22
Scott County , 41.599752 , -90.612175 , 73 , 11
Scott County , 41.599752 , -90.612175 , 74 , 17
Scott County , 41.599752 , -90.612175 , 75 , 7
Scott County , 41.600013 , -90.614006 , 71 , 61
Scott County , 41.600013 , -90.614006 , 72 , 20
Scott County , 41.600013 , -90.614006 , 73 , 5
Scott County , 41.600013 , -90.614006 , 74 , 3
Scott County , 41.603583 , -90.6837915 , 71 , 50
Scott County , 41.603583 , -90.6837915 , 72 , 70
Scott County , 41.603583 , -90.6837915 , 73 , 11
Scott County , 41.603583 , -90.6837915 , 74 , 11
Scott County , 41.603583 , -90.6837915 , 75 , 26
Scott County , 41.6038451 , -90.6859542 , 71 , 38
Scott County , 41.6038451 , -90.6859542 , 72 , 33
Scott County , 41.6038451 , -90.6859542 , 73 , 18
Scott County , 41.6038451 , -90.6859542 , 74 , 2
Scott County , 41.60507314 , -90.72722907 , 71 , 29
Scott County , 41.60507314 , -90.72722907 , 72 , 52
Scott County , 41.60507314 , -90.72722907 , 73 , 20
Scott County , 41.60507314 , -90.72722907 , 74 , 22
Scott County , 41.60507314 , -90.72722907 , 75 , 2
Scott County , 41.74637862 , -90.568666 , 71 , 21
Scott County , 41.74637862 , -90.568666 , 72 , 17
Scott County , 41.74637862 , -90.568666 , 73 , 14
Scott County , 41.74637862 , -90.568666 , 74 , 16
Scott County , 41.74637862 , -90.568666 , 75 , 7
Story County , 41.873235 , -93.571107 , 71 , 196
Story County , 41.873235 , -93.571107 , 72 , 133
Story County , 41.873235 , -93.571107 , 73 , 85
Story County , 41.873235 , -93.571107 , 74 , 43
Story County , 41.873235 , -93.571107 , 75 , 76
Story County , 41.873513 , -93.571394 , 71 , 321
Story County , 41.873513 , -93.571394 , 72 , 132
Story County , 41.873513 , -93.571394 , 73 , 108
Story County , 41.873513 , -93.571394 , 74 , 50
Story County , 41.873513 , -93.571394 , 75 , 80
Story County , 41.895399 , -93.57123342 , 71 , 152
Story County , 41.895399 , -93.57123342 , 72 , 117
Story County , 41.895399 , -93.57123342 , 73 , 70
Story County , 41.895399 , -93.57123342 , 74 , 33
Story County , 41.895399 , -93.57123342 , 75 , 30
Story County , 41.897285 , -93.570964 , 71 , 238
Story County , 41.897285 , -93.570964 , 72 , 134
Story County , 41.897285 , -93.570964 , 73 , 74
Story County , 41.897285 , -93.570964 , 74 , 64
Story County , 41.897285 , -93.570964 , 75 , 22
Story County , 41.91054261 , -93.57072566 , 71 , 184
Story County , 41.91054261 , -93.57072566 , 72 , 85
Story County , 41.91054261 , -93.57072566 , 73 , 49
Story County , 41.91054261 , -93.57072566 , 74 , 19
Story County , 41.91054261 , -93.57072566 , 75 , 7
Story County , 41.91245445 , -93.57036668 , 71 , 196
Story County , 41.91245445 , -93.57036668 , 72 , 156
Story County , 41.91245445 , -93.57036668 , 73 , 70
Story County , 41.91245445 , -93.57036668 , 74 , 54
Story County , 41.91245445 , -93.57036668 , 75 , 28
Story County , 41.9407552 , -93.56991091 , 71 , 139
Story County , 41.9407552 , -93.56991091 , 72 , 123
Story County , 41.9407552 , -93.56991091 , 73 , 65
Story County , 41.9407552 , -93.56991091 , 74 , 40
Story County , 41.9407552 , -93.56991091 , 75 , 15
Story County , 41.943092 , -93.56963152 , 71 , 152
Story County , 41.943092 , -93.56963152 , 72 , 196
Story County , 41.943092 , -93.56963152 , 73 , 207
Story County , 41.943092 , -93.56963152 , 74 , 67
Story County , 41.943092 , -93.56963152 , 75 , 90
Story County , 41.971715 , -93.570472 , 71 , 107
Story County , 41.971715 , -93.570472 , 72 , 81
Story County , 41.971715 , -93.570472 , 73 , 52
Story County , 41.971715 , -93.570472 , 74 , 33
Story County , 41.971715 , -93.570472 , 75 , 32
Story County , 41.97399057 , -93.57027559 , 71 , 160
Story County , 41.97399057 , -93.57027559 , 72 , 114
Story County , 41.97399057 , -93.57027559 , 73 , 98
Story County , 41.97399057 , -93.57027559 , 74 , 60
Story County , 41.97399057 , -93.57027559 , 75 , 4
Story County , 42.002862 , -93.570946 , 71 , 37
Story County , 42.002862 , -93.570946 , 72 , 58
Story County , 42.002862 , -93.570946 , 73 , 17
Story County , 42.002862 , -93.570946 , 74 , 6
Story County , 42.002862 , -93.570946 , 75 , 16
Story County , 42.003055 , -93.644838 , 71 , 18
Story County , 42.003055 , -93.644838 , 72 , 26
Story County , 42.003055 , -93.644838 , 73 , 4
Story County , 42.003055 , -93.644838 , 74 , 3
Story County , 42.003055 , -93.644838 , 75 , 7
Story County , 42.003078 , -93.571226 , 71 , 110
Story County , 42.003078 , -93.571226 , 72 , 62
Story County , 42.003078 , -93.571226 , 73 , 23
Story County , 42.003078 , -93.571226 , 74 , 36
Story County , 42.003078 , -93.571226 , 75 , 19
Story County , 42.003164 , -93.633819 , 71 , 29
Story County , 42.003164 , -93.633819 , 72 , 25
Story County , 42.003164 , -93.633819 , 74 , 6
Story County , 42.003164 , -93.633819 , 75 , 8
Story County , 42.00338 , -93.633746 , 71 , 19
Story County , 42.00338 , -93.633746 , 72 , 3
Story County , 42.00338 , -93.633746 , 73 , 22
Story County , 42.00338 , -93.633746 , 75 , 8
Story County , 42.003533 , -93.645626 , 71 , 27
Story County , 42.003533 , -93.645626 , 72 , 6
Story County , 42.003533 , -93.645626 , 73 , 12
Story County , 42.004323 , -93.617556 , 71 , 72
Story County , 42.004323 , -93.617556 , 72 , 16
Story County , 42.004323 , -93.617556 , 73 , 19
Story County , 42.004323 , -93.617556 , 75 , 1
Story County , 42.004692 , -93.615216 , 71 , 30
Story County , 42.004692 , -93.615216 , 72 , 16
Story County , 42.004692 , -93.615216 , 73 , 3
Story County , 42.004792 , -93.610689 , 71 , 32
Story County , 42.004792 , -93.610689 , 72 , 5
Story County , 42.004792 , -93.610689 , 73 , 4
Story County , 42.004792 , -93.610689 , 75 , 6
Story County , 42.005192 , -93.605118 , 71 , 26
Story County , 42.005192 , -93.605118 , 72 , 6
Story County , 42.005192 , -93.605118 , 73 , 4
Story County , 42.005192 , -93.605118 , 74 , 6
Story County , 42.005192 , -93.605118 , 75 , 2
Story County , 42.005497 , -93.603714 , 71 , 5
Story County , 42.00676166 , -93.65800599 , 71 , 20
Story County , 42.00676166 , -93.65800599 , 72 , 22
Story County , 42.00676166 , -93.65800599 , 73 , 13
Story County , 42.00676166 , -93.65800599 , 74 , 3
Story County , 42.00676166 , -93.65800599 , 75 , 18
Story County , 42.006867 , -93.581227 , 71 , 17
Story County , 42.006867 , -93.581227 , 72 , 15
Story County , 42.006867 , -93.581227 , 75 , 15
Story County , 42.007123 , -93.577685 , 71 , 9
Story County , 42.007123 , -93.577685 , 72 , 17
Story County , 42.0071481 , -93.5805584 , 71 , 1
Story County , 42.007174 , -93.571279 , 71 , 54
Story County , 42.007174 , -93.571279 , 72 , 56
Story County , 42.007174 , -93.571279 , 73 , 61
Story County , 42.007174 , -93.571279 , 74 , 8
Story County , 42.007174 , -93.571279 , 75 , 20
Story County , 42.0072075 , -93.6735261 , 71 , 9
Story County , 42.0072075 , -93.6735261 , 72 , 12
Story County , 42.0072075 , -93.6735261 , 74 , 4
Story County , 42.0072075 , -93.6735261 , 75 , 4
Story County , 42.007383 , -93.571004 , 71 , 35
Story County , 42.007383 , -93.571004 , 72 , 110
Story County , 42.007383 , -93.571004 , 73 , 25
Story County , 42.007383 , -93.571004 , 74 , 20
Story County , 42.007383 , -93.571004 , 75 , 17
Story County , 42.0074009 , -93.5771415 , 72 , 1
Story County , 42.007523 , -93.57199 , 71 , 21
Story County , 42.007523 , -93.57199 , 72 , 11
Story County , 42.007628 , -93.570761 , 71 , 24
Story County , 42.007628 , -93.570761 , 72 , 11
Story County , 42.007758 , -93.57159 , 72 , 2
Story County , 42.007758 , -93.57159 , 74 , 1
Story County , 42.007874 , -93.570178 , 74 , 3
Story County , 42.007899 , -93.434385 , 71 , 26
Story County , 42.007899 , -93.434385 , 73 , 1
Story County , 42.007981 , -93.56531 , 71 , 4
Story County , 42.007981 , -93.56531 , 72 , 13
Story County , 42.008095 , -93.434633 , 71 , 11
Story County , 42.008169 , -93.678289 , 71 , 14
Story County , 42.008169 , -93.678289 , 72 , 28
Story County , 42.008169 , -93.678289 , 73 , 16
Story County , 42.008169 , -93.678289 , 74 , 1
Story County , 42.008169 , -93.678289 , 75 , 7
Story County , 42.008253 , -93.564534 , 71 , 11
Story County , 42.008253 , -93.564534 , 72 , 8
Story County , 42.008281 , -93.571303 , 71 , 37
Story County , 42.008281 , -93.571303 , 72 , 69
Story County , 42.008281 , -93.571303 , 73 , 14
Story County , 42.008281 , -93.571303 , 74 , 14
Story County , 42.008281 , -93.571303 , 75 , 16
Story County , 42.008284 , -93.571016 , 71 , 75
Story County , 42.008284 , -93.571016 , 72 , 31
Story County , 42.008284 , -93.571016 , 73 , 6
Story County , 42.008284 , -93.571016 , 75 , 16
Story County , 42.008689 , -93.504542 , 71 , 1
Story County , 42.008689 , -93.504542 , 72 , 14
Story County , 42.008689 , -93.504542 , 73 , 7
Story County , 42.008689 , -93.504542 , 75 , 8
Story County , 42.008742 , -93.544155 , 71 , 18
Story County , 42.008742 , -93.544155 , 72 , 4
Story County , 42.008742 , -93.544155 , 73 , 15
Story County , 42.008742 , -93.544155 , 74 , 4
Story County , 42.008742 , -93.544155 , 75 , 8
Story County , 42.029612 , -93.570843 , 71 , 94
Story County , 42.029612 , -93.570843 , 72 , 62
Story County , 42.029612 , -93.570843 , 73 , 26
Story County , 42.029612 , -93.570843 , 74 , 10
Story County , 42.029612 , -93.570843 , 75 , 11
Story County , 42.030532 , -93.571013 , 71 , 103
Story County , 42.030532 , -93.571013 , 72 , 64
Story County , 42.030532 , -93.571013 , 73 , 8
Story County , 42.030532 , -93.571013 , 74 , 5
Story County , 42.030532 , -93.571013 , 75 , 7
Story County , 42.0399706 , -93.5700351 , 71 , 79
Story County , 42.0399706 , -93.5700351 , 72 , 29
Story County , 42.0399706 , -93.5700351 , 73 , 26
Story County , 42.0399706 , -93.5700351 , 74 , 3
Story County , 42.0399706 , -93.5700351 , 75 , 7
Story County , 42.073694 , -93.567605 , 71 , 216
Story County , 42.073694 , -93.567605 , 72 , 100
Story County , 42.073694 , -93.567605 , 73 , 74
Story County , 42.073694 , -93.567605 , 74 , 35
Story County , 42.073694 , -93.567605 , 75 , 33
Story County , 42.073806 , -93.567304 , 71 , 87
Story County , 42.073806 , -93.567304 , 72 , 107
Story County , 42.073806 , -93.567304 , 73 , 125
Story County , 42.073806 , -93.567304 , 74 , 42
Story County , 42.073806 , -93.567304 , 75 , 65
Wapello County , 40.9948805 , -92.210717 , 71 , 11
Wapello County , 40.9948805 , -92.210717 , 72 , 7
Wapello County , 40.9948805 , -92.210717 , 73 , 1
Warren County , 41.31123 , -93.778386 , 71 , 8
Warren County , 41.31123 , -93.778386 , 72 , 17
Warren County , 41.31123 , -93.778386 , 73 , 7
Warren County , 41.31123 , -93.778386 , 75 , 5
Warren County , 41.314318 , -93.77874 , 71 , 71
Warren County , 41.314318 , -93.77874 , 72 , 17
Warren County , 41.314318 , -93.77874 , 73 , 15
Warren County , 41.314318 , -93.77874 , 74 , 11
Warren County , 41.314318 , -93.77874 , 75 , 6
Warren County , 41.4981109 , -93.6164076 , 71 , 16
Warren County , 41.4981109 , -93.6164076 , 72 , 1
Warren County , 41.4981109 , -93.6164076 , 73 , 14
Warren County , 41.4981109 , -93.6164076 , 74 , 20
Warren County , 41.4981109 , -93.6164076 , 75 , 2
Warren County , 41.4984011 , -93.6171278 , 71 , 47
Warren County , 41.4984011 , -93.6171278 , 72 , 10
Warren County , 41.4984011 , -93.6171278 , 73 , 19
Warren County , 41.4984011 , -93.6171278 , 74 , 9
Warren County , 41.506127 , -93.57097 , 71 , 47
Warren County , 41.506127 , -93.57097 , 72 , 26
Warren County , 41.506127 , -93.57097 , 75 , 9
Warren County , 41.5062552 , -93.5719782 , 71 , 22
Warren County , 41.5062552 , -93.5719782 , 72 , 19
Warren County , 41.5062552 , -93.5719782 , 73 , 29
Warren County , 41.5062552 , -93.5719782 , 75 , 5
Warren County , 41.507968 , -93.564024 , 71 , 20
Warren County , 41.507968 , -93.564024 , 72 , 2
Warren County , 41.507968 , -93.564024 , 73 , 2
Warren County , 41.507968 , -93.564024 , 74 , 2
Warren County , 41.508158 , -93.564339 , 71 , 29
Warren County , 41.508158 , -93.564339 , 72 , 14
Warren County , 41.508158 , -93.564339 , 73 , 12
Warren County , 41.508158 , -93.564339 , 74 , 2
Warren County , 41.508158 , -93.564339 , 75 , 11
Warren County , 41.510882 , -93.652307 , 71 , 1
Warren County , 41.510882 , -93.652307 , 72 , 6
Warren County , 41.510882 , -93.652307 , 73 , 12
Warren County , 41.510882 , -93.652307 , 75 , 13
Warren County , 41.510896 , -93.651634 , 71 , 26
Warren County , 41.510896 , -93.651634 , 72 , 44
Warren County , 41.510896 , -93.651634 , 73 , 17
Warren County , 41.510896 , -93.651634 , 74 , 21
Warren County , 41.510896 , -93.651634 , 75 , 8
Woodbury County , 42.395932 , -96.366565 , 71 , 26
Woodbury County , 42.395932 , -96.366565 , 72 , 23
Woodbury County , 42.395932 , -96.366565 , 73 , 3
Woodbury County , 42.395932 , -96.366565 , 74 , 7
Woodbury County , 42.395932 , -96.366565 , 75 , 13
Woodbury County , 42.396239 , -96.366828 , 71 , 79
Woodbury County , 42.396239 , -96.366828 , 72 , 34
Woodbury County , 42.396239 , -96.366828 , 73 , 25
Woodbury County , 42.396239 , -96.366828 , 74 , 10
Woodbury County , 42.396239 , -96.366828 , 75 , 4
Woodbury County , 42.40418 , -96.366582 , 71 , 3
Woodbury County , 42.40418 , -96.366582 , 72 , 23
Woodbury County , 42.40418 , -96.366582 , 75 , 12
Woodbury County , 42.405258 , -96.366778 , 71 , 41
Woodbury County , 42.405258 , -96.366778 , 72 , 41
Woodbury County , 42.405258 , -96.366778 , 73 , 9
Woodbury County , 42.405258 , -96.366778 , 74 , 9
Woodbury County , 42.405258 , -96.366778 , 75 , 12
Woodbury County , 42.430214 , -96.372447 , 71 , 4
Woodbury County , 42.430274 , -96.37279 , 71 , 27
Woodbury County , 42.430274 , -96.37279 , 72 , 1
Woodbury County , 42.430274 , -96.37279 , 73 , 4
Woodbury County , 42.438683 , -96.375187 , 71 , 33
Woodbury County , 42.438683 , -96.375187 , 74 , 1
Woodbury County , 42.438683 , -96.375187 , 75 , 8
Woodbury County , 42.439011 , -96.375475 , 71 , 20
Woodbury County , 42.439011 , -96.375475 , 72 , 11
Woodbury County , 42.439011 , -96.375475 , 74 , 2
Woodbury County , 42.441105 , -96.375192 , 71 , 1
Woodbury County , 42.441105 , -96.375192 , 72 , 18
Woodbury County , 42.442003 , -96.375506 , 71 , 6
Woodbury County , 42.442003 , -96.375506 , 72 , 1
Woodbury County , 42.44384 , -96.353338 , 71 , 13
Woodbury County , 42.44384 , -96.353338 , 72 , 8
Woodbury County , 42.44384 , -96.353338 , 73 , 9
Woodbury County , 42.44384 , -96.353338 , 75 , 1
Woodbury County , 42.443909 , -96.340998 , 71 , 9
Woodbury County , 42.443909 , -96.340998 , 72 , 1
Woodbury County , 42.443981 , -96.356048 , 73 , 14
Woodbury County , 42.443981 , -96.356048 , 75 , 8
Woodbury County , 42.444354 , -96.340401 , 71 , 8
Woodbury County , 42.444354 , -96.340401 , 72 , 7
Woodbury County , 42.444354 , -96.340401 , 73 , 5
Woodbury County , 42.444354 , -96.340401 , 75 , 1
Woodbury County , 42.445138 , -96.364992 , 71 , 13
Woodbury County , 42.445138 , -96.364992 , 72 , 12
Woodbury County , 42.445138 , -96.364992 , 74 , 11
Woodbury County , 42.445138 , -96.364992 , 75 , 2
Woodbury County , 42.445162 , -96.366293 , 72 , 12
Woodbury County , 42.445162 , -96.366293 , 75 , 8
Woodbury County , 42.445867 , -96.375213 , 71 , 19
Woodbury County , 42.445867 , -96.375213 , 74 , 3
Woodbury County , 42.4462102 , -96.3752085 , 73 , 6
Woodbury County , 42.446291 , -96.375091 , 71 , 7
Woodbury County , 42.446291 , -96.375091 , 72 , 2
Woodbury County , 42.446325 , -96.376149 , 71 , 9
Woodbury County , 42.446325 , -96.376149 , 74 , 4
Woodbury County , 42.446325 , -96.376149 , 75 , 17
Woodbury County , 42.450085 , -96.3353115 , 71 , 18
Woodbury County , 42.450147 , -96.335662 , 71 , 31
Woodbury County , 42.452727 , -96.3766103 , 71 , 2
Woodbury County , 42.452727 , -96.3766103 , 72 , 3
Woodbury County , 42.456573 , -96.33119 , 71 , 5
Woodbury County , 42.456858 , -96.331334 , 71 , 12
Woodbury County , 42.456858 , -96.331334 , 72 , 1
Woodbury County , 42.456858 , -96.331334 , 73 , 4
Woodbury County , 42.459222 , -96.376218 , 74 , 3
Woodbury County , 42.470563 , -96.323882 , 71 , 5
Woodbury County , 42.470563 , -96.323882 , 72 , 17
Woodbury County , 42.470563 , -96.323882 , 73 , 9
Woodbury County , 42.470563 , -96.323882 , 74 , 3
Woodbury County , 42.470563 , -96.323882 , 75 , 7
Woodbury County , 42.47057577 , -96.38181195 , 71 , 4
Woodbury County , 42.475086 , -96.323648 , 71 , 9
Woodbury County , 42.475086 , -96.323648 , 72 , 18
Woodbury County , 42.475086 , -96.323648 , 73 , 8
Woodbury County , 42.475599 , -96.323984 , 71 , 35
Woodbury County , 42.475599 , -96.323984 , 72 , 24
Woodbury County , 42.475599 , -96.323984 , 73 , 11
Woodbury County , 42.475599 , -96.323984 , 74 , 1
Woodbury County , 42.475599 , -96.323984 , 75 , 10
Woodbury County , 42.481837 , -96.323819 , 71 , 60
Woodbury County , 42.481837 , -96.323819 , 72 , 25
Woodbury County , 42.481837 , -96.323819 , 73 , 7
Woodbury County , 42.481837 , -96.323819 , 74 , 10
Woodbury County , 42.481837 , -96.323819 , 75 , 6
Woodbury County , 42.482155 , -96.323406 , 71 , 17
Woodbury County , 42.482155 , -96.323406 , 72 , 25
Woodbury County , 42.49194258 , -96.44620153 , 71 , 3
Woodbury County , 42.49194258 , -96.44620153 , 72 , 1
Woodbury County , 42.49194258 , -96.44620153 , 73 , 5
Woodbury County , 42.4935565 , -96.4608415 , 71 , 47
Woodbury County , 42.4935565 , -96.4608415 , 72 , 16
Woodbury County , 42.4935565 , -96.4608415 , 73 , 15
Woodbury County , 42.4935565 , -96.4608415 , 74 , 7
Woodbury County , 42.4935565 , -96.4608415 , 75 , 3
Woodbury County , 42.4942516 , -96.4741755 , 71 , 5
Woodbury County , 42.4942516 , -96.4741755 , 72 , 22
Wright County , 42.5909795 , -93.52723834 , 71 , 136
Wright County , 42.5909795 , -93.52723834 , 72 , 121
Wright County , 42.5909795 , -93.52723834 , 73 , 97
Wright County , 42.5909795 , -93.52723834 , 74 , 19
Wright County , 42.5909795 , -93.52723834 , 75 , 12
